case_id,country_code,country_name,forecast_origin,target_timestamp,horizon,actual_MW,lag_1h,lag_2h,lag_6h,lag_12h,lag_24h,lag_48h,lag_168h,rolling_mean_24h,rolling_std_24h,rolling_mean_168h,rolling_max_24h,rolling_min_24h,solar_mw_lag1h,wind_onshore_mw_lag1h,wind_offshore_mw_lag1h,nuclear_mw_lag1h,gas_mw_lag1h,coal_mw_lag1h,hydro_reservoir_mw_lag1h,hydro_river_mw_lag1h,biomass_mw_lag1h,oil_mw_lag1h,other_mw_lag1h,waste_mw_lag1h,hydro_pumped_mw_lag1h,total_gen_mw_lag1h,solar_share,wind_share,hydro_share,renewable_share,fossil_share,hour,dayofweek,month,year,quarter,day_of_year,week_of_year,is_weekend,hour_sin,hour_cos,month_sin,month_cos,dow_sin,dow_cos,is_holiday,hour_x_weekend,peat_mw_lag1h,gas_share,peat_share
LIVE_DE_h24_01,DE,Germany,2026-08-24 00:00:00+00:00,2026-08-25 00:00:00+00:00,24,40409.94355,36164.6833825,37045.1212675,41491.1322325,40743.3489325,34078.7682575,37576.9980825,37605.5795425,39243.759975416666,3444.680156856909,46834.84197507441,44230.3100475,33661.343545,0.0,8749.056972499999,2388.1995,0.0,3575.7456575,0.0,27.5277,1095.5120225,3679.319155,338.41233250000005,145.03018,861.1078,31.06545,20890.97677,0.0,0.5331132476530919,0.0537571667837338,0.7629904300544583,0.1873611766981061,2,0,8,2026,3,236,35,0,0.4999999999999999,0.8660254037844387,-0.8660254037844384,-0.5000000000000004,0.0,1.0,0,0,,,
LIVE_DE_h24_02,DE,Germany,2026-08-24 01:00:00+00:00,2026-08-25 01:00:00+00:00,24,40722.6465375,35579.50083,36164.6833825,40657.1111225,38970.59031,33661.343545,36975.0380475,38213.2519425,39306.29049927084,3359.410571065578,46822.781982738095,44230.3100475,33661.343545,0.0,8405.736965,2187.6352500000003,0.0,3597.637475,0.0,16.18755,1089.4728775,3654.259005,338.6145575,147.09493,860.43765,26.9231,20323.99936,0.0,0.5212247858976512,0.0544017153275486,0.7554266941041667,0.193675071661683,3,0,8,2026,3,236,35,0,0.7071067811865475,0.7071067811865476,-0.8660254037844384,-0.5000000000000004,0.0,1.0,0,0,,,
LIVE_DE_h24_03,DE,Germany,2026-08-24 02:00:00+00:00,2026-08-25 02:00:00+00:00,24,40805.19591,35890.71333,35579.50083,39449.719985,39375.336065,33902.2161125,37431.5150275,39551.1937275,39399.18090697917,3224.656099420297,46808.95734813988,44230.3100475,33902.2161125,0.0,7684.010614999999,1841.8755,0.0,3516.2003,0.0,17.37265,1072.22506,3653.65298,338.48233500000003,150.41093,859.68895,32.2808,19166.20012,0.0,0.4970148519455196,0.0568499599909217,0.744494825038903,0.2011187721544045,4,0,8,2026,3,236,35,0,0.8660254037844386,0.5000000000000001,-0.8660254037844384,-0.5000000000000004,0.0,1.0,0,0,,,
LIVE_DE_h24_04,DE,Germany,2026-08-24 03:00:00+00:00,2026-08-25 03:00:00+00:00,24,44096.0917875,36628.6694325,35890.71333,37831.4689225,40500.5468675,34335.933000000005,39210.233895,42525.2581475,39512.78312864583,3066.7412302993343,46791.561370193456,44230.3100475,34335.933000000005,0.0,6940.7844525,1479.85725,0.0,3613.89425,0.0,34.8563,1059.33367,3663.27718,338.54767250000003,150.40693,857.715225,233.39135,18372.06428000001,0.0,0.4583394426540727,0.0595572687600023,0.7172905913923787,0.2151332513463205,5,0,8,2026,3,236,35,0,0.9659258262890684,0.2588190451025207,-0.8660254037844384,-0.5000000000000004,0.0,1.0,0,0,,,
LIVE_DE_h24_05,DE,Germany,2026-08-24 04:00:00+00:00,2026-08-25 04:00:00+00:00,24,50593.2572775,40533.6781825,36628.6694325,37045.1212675,42275.799395,35046.776285,39895.363155,47530.948545,39771.02251125,2866.255611953537,46779.706727544646,44230.3100475,35046.776285,0.06,6810.04343,1233.4545,0.0,3795.425075,0.0,66.278475,1054.987685,3718.323155,338.58089,150.40368,851.5373500000001,508.98505,18528.07929,3.2383281105874416e-06,0.4341247575695149,0.0605171287563072,0.6953309646053443,0.223121128763261,6,0,8,2026,3,236,35,0,1.0,6.123233995736766e-17,-0.8660254037844384,-0.5000000000000004,0.0,1.0,0,0,,,
LIVE_DE_h24_06,DE,Germany,2026-08-24 05:00:00+00:00,2026-08-25 05:00:00+00:00,24,53941.0603175,46495.4926325,40533.6781825,36164.6833825,41995.1126325,36662.9578125,42110.1084925,51849.4227775,40248.0523590625,2995.600433017084,46773.54329949404,46495.4926325,35579.50083,614.7407499999999,6661.6539875,1072.838,0.0,4354.4469425,0.0,88.04425,1101.43396,3901.97698,338.514,150.45593,849.266125,4274.869275,23408.2402,0.0262617242794697,0.330417490653569,0.0508145080466151,0.5741861760073703,0.2004832871844847,7,0,8,2026,3,236,35,0,0.9659258262890684,-0.2588190451025206,-0.8660254037844384,-0.5000000000000004,0.0,1.0,0,0,,,
LIVE_DE_h24_07,DE,Germany,2026-08-24 06:00:00+00:00,2026-08-25 06:00:00+00:00,24,55893.270245,51193.23583,46495.4926325,35579.50083,41491.1322325,40067.3093675,44491.87448,54423.1730125,40853.48060979167,3638.802971180564,46769.63742480655,51193.23583,35579.50083,6374.502,5600.144015,927.7905,0.0,4448.860549999999,0.0,56.745125,1159.69596,3998.237055,338.379,150.42668,848.804425,4325.286975,28228.872285,0.2258149718360242,0.2312502762807409,0.043092089287831,0.6417937802151207,0.1695866381649188,8,0,8,2026,3,236,35,0,0.8660254037844387,-0.4999999999999998,-0.8660254037844384,-0.5000000000000004,0.0,1.0,0,0,,,
LIVE_DE_h24_08,DE,Germany,2026-08-24 07:00:00+00:00,2026-08-25 07:00:00+00:00,24,57316.8631375,54474.4851525,51193.23583,35890.71333,40657.1111225,43266.6339875,46918.07913,56860.562535000005,41453.77960083333,4572.153373808467,46769.94285421131,54474.4851525,35579.50083,17694.237,3968.4476125,622.24925,0.0,4027.80276,0.0,46.13705,1186.0931,3953.91953,338.6315,150.37343,850.193925,1870.707875,34708.793032500005,0.509791192780221,0.1322632238522798,0.0355019590812675,0.791473316769532,0.1258019619383317,9,0,8,2026,3,236,35,0,0.7071067811865476,-0.7071067811865475,-0.8660254037844384,-0.5000000000000004,0.0,1.0,0,0,,,
LIVE_DE_h24_09,DE,Germany,2026-08-24 08:00:00+00:00,2026-08-25 08:00:00+00:00,24,57257.7669075,55496.79274,54474.4851525,36628.6694325,39449.719985,44073.8617875,48064.44226,58037.2458075,41963.36954885416,5391.188059473518,46761.82517686012,55496.79274,35579.50083,30195.591,2701.8895975,414.486,0.0,2882.7755975,0.0,31.027225,1223.14042,3855.536055,338.4473325,150.41418,856.250775,258.533625,42908.09180749999,0.7037271928909702,0.0726290885057555,0.0292291638282731,0.8954411319401576,0.0750726213706142,10,0,8,2026,3,236,35,0,0.4999999999999999,-0.8660254037844387,-0.8660254037844384,-0.5000000000000004,0.0,1.0,0,0,,,
LIVE_DE_h24_10,DE,Germany,2026-08-24 09:00:00+00:00,2026-08-25 09:00:00+00:00,24,56496.5963775,55283.36325,55496.79274,40533.6781825,37831.4689225,44230.3100475,48079.1926475,59144.1610275,42430.43210979167,6029.728583477395,46745.43301877977,55496.79274,35579.50083,38593.331,2572.66053,376.4115,0.0,2256.5690575,0.0,29.888325,1264.639425,3725.786155,338.3823325,150.44018,861.7980749999999,4.8591,50174.76568,0.7691781013216283,0.0587760000476797,0.0258003745997763,0.9280106504525286,0.051718256275472,11,0,8,2026,3,236,35,0,0.258819045102521,-0.9659258262890682,-0.8660254037844384,-0.5000000000000004,0.0,1.0,0,0,,,
LIVE_DE_h24_11,DE,Germany,2026-08-24 10:00:00+00:00,2026-08-25 10:00:00+00:00,24,55393.1148625,54670.921275,55283.36325,46495.4926325,37045.1212675,43576.953745,46156.4029075,59083.0404225,42865.45757760417,6521.781227777329,46718.80659168155,55496.79274,35579.50083,42407.13175,2650.4253,358.024,0.0,2130.7820175,0.0,32.079025,1298.696465,3639.041955,338.444,150.55843,860.914675,17.4581,53883.55571750001,0.7870143531791323,0.0558324197417976,0.0246972470966276,0.935079317318254,0.0458252241267377,12,0,8,2026,3,236,35,0,1.2246467991473532e-16,-1.0,-0.8660254037844384,-0.5000000000000004,0.0,1.0,0,0,,,
LIVE_DE_h24_12,DE,Germany,2026-08-24 11:00:00+00:00,2026-08-25 11:00:00+00:00,24,55104.0138075,54492.878945,54670.921275,51193.23583,36164.6833825,42447.2043475,44945.585075,58049.324555,43320.28779427084,6940.740804477709,46691.48420193452,55496.79274,35579.50083,45203.83825,2570.47133,277.1685,0.0,1959.725825,0.0,5.245075,1344.65317,3568.00368,338.3456675,150.43518,863.0499,6.425325,56287.36190249999,0.8030903691720589,0.050591104890164,0.0239822617257897,0.941052808563895,0.0408274862211641,13,0,8,2026,3,236,35,0,-0.2588190451025208,-0.9659258262890684,-0.8660254037844384,-0.5000000000000004,0.0,1.0,0,0,,,
LIVE_DE_h24_13,DE,Germany,2026-08-24 12:00:00+00:00,2026-08-25 12:00:00+00:00,24,53856.089665,54110.6026175,54492.878945,54474.4851525,35579.50083,40743.3489325,43641.8042275,55791.4712225,43806.2627221875,7277.1226014177955,46668.039428497024,55496.79274,35579.50083,45178.3475,2477.77605,275.9095,0.0,1952.343365,0.0,3.561675,1337.252915,3533.8764300000003,338.3473325,150.42343,868.070125,28.7782,56144.68652250001,0.8046771706863972,0.0490462360832036,0.0238814155541267,0.9405471352812288,0.0407997771362033,14,0,8,2026,3,236,35,0,-0.4999999999999997,-0.8660254037844388,-0.8660254037844384,-0.5000000000000004,0.0,1.0,0,0,,,
LIVE_DE_h24_14,DE,Germany,2026-08-24 13:00:00+00:00,2026-08-25 13:00:00+00:00,24,54206.046445,52116.5084875,54110.6026175,55496.79274,35890.71333,38970.59031,43127.2064125,54876.06182,44280.1443703125,7437.534126752647,46646.1646503125,55496.79274,35579.50083,43371.05825,2646.0211125,322.29525,0.0,1959.8934925,0.0,23.7616,1323.21407,3540.55138,338.3806675,150.47543,865.7041750000001,240.280475,54781.6359025,0.7917079790605657,0.0541845148214082,0.0245880877379663,0.9351108417732048,0.0419533685355883,15,0,8,2026,3,236,35,0,-0.7071067811865471,-0.7071067811865479,-0.8660254037844384,-0.5000000000000004,0.0,1.0,0,0,,,
LIVE_DE_h24_15,DE,Germany,2026-08-24 14:00:00+00:00,2026-08-25 14:00:00+00:00,24,54212.911205,51030.9930425,52116.5084875,55283.36325,36628.6694325,39375.336065,42669.6681025,53120.9287575,44782.66115083333,7470.553958024889,46623.27733616071,55496.79274,35579.50083,39351.351,3021.45305,353.083,0.0,1991.3325075,0.0,157.56275,1307.211825,3562.376455,338.4806675,150.44317999999998,867.95645,391.44905,51492.699935,0.7642122291057527,0.0655342612498417,0.0284462569810673,0.927374912177442,0.0452455042742166,16,0,8,2026,3,236,35,0,-0.8660254037844384,-0.5000000000000004,-0.8660254037844384,-0.5000000000000004,0.0,1.0,0,0,,,
LIVE_DE_h24_16,DE,Germany,2026-08-24 15:00:00+00:00,2026-08-25 15:00:00+00:00,24,54927.456675,51868.0903575,51030.9930425,54670.921275,40533.6781825,40500.5468675,44503.736295,53047.350375,45303.19257968749,7512.51804405303,46615.81996473215,55496.79274,35579.50083,31593.4645,3644.8424825,384.44775,0.0,2186.996875,0.0,110.481275,1273.165125,3660.267005,338.54733250000004,150.08068,867.893275,414.90695,44625.09325,0.7079753161076028,0.090292029417776,0.0310060170014322,0.9112959811574176,0.0565947099169367,17,0,8,2026,3,236,35,0,-0.9659258262890684,-0.2588190451025206,-0.8660254037844384,-0.5000000000000004,0.0,1.0,0,0,,,
LIVE_DE_h24_17,DE,Germany,2026-08-24 16:00:00+00:00,2026-08-25 16:00:00+00:00,24,55529.1802025,53586.27489,51868.0903575,54492.878945,46495.4926325,42275.799395,44404.2258525,53404.33433,45848.43124729167,7622.853314760349,46619.02784875,55496.79274,35579.50083,20931.23775,4636.667555,346.36975,0.0,3321.9975425,0.0,15.951425,1241.71245,3987.15348,338.7665,137.82518,864.79685,731.911775,36554.3902575,0.5726053041113294,0.1363184358950595,0.0344052757039754,0.8524035605711404,0.1001456737949255,18,0,8,2026,3,236,35,0,-1.0,-1.8369701987210294e-16,-0.8660254037844384,-0.5000000000000004,0.0,1.0,0,0,,,
LIVE_DE_h24_18,DE,Germany,2026-08-24 17:00:00+00:00,2026-08-25 17:00:00+00:00,24,54690.7156475,54599.3849225,53586.27489,54110.6026175,51193.23583,41995.1126325,44825.2379225,52057.78207,46361.91397760416,7785.07232289393,46626.14124513393,55496.79274,35579.50083,10401.4355,5479.1590825,318.194,0.0,4702.3909,0.0,178.18455,1203.6491125,4121.389279999999,338.7823325,137.55243,867.646525,3254.862325,31003.2460375,0.3354950474353212,0.1869918096797931,0.0445706124071202,0.6999915911627548,0.1626014652273005,19,0,8,2026,3,236,35,0,-0.9659258262890684,0.2588190451025203,-0.8660254037844384,-0.5000000000000004,0.0,1.0,0,0,,,
LIVE_DE_h24_19,DE,Germany,2026-08-24 18:00:00+00:00,2026-08-25 18:00:00+00:00,24,53814.5432575,54652.148695,54599.3849225,52116.5084875,54474.4851525,41491.1322325,43740.4403125,50040.418015,46889.29048020833,7904.190107679501,46641.58390361608,55496.79274,35579.50083,2751.72775,6435.4223325,324.09225,0.0,5400.612532499999,0.0,248.44045,1195.989735,4220.024055,338.7381675,137.55243,868.1813,5434.264325,27355.0453275,0.1005930612454036,0.2471030298642812,0.0528030631171324,0.5547677362919186,0.2098095847141673,20,0,8,2026,3,236,35,0,-0.8660254037844386,0.5000000000000001,-0.8660254037844384,-0.5000000000000004,0.0,1.0,0,0,,,
LIVE_DE_h24_20,DE,Germany,2026-08-24 19:00:00+00:00,2026-08-25 19:00:00+00:00,24,52224.7187525,52956.6519925,54652.148695,51030.9930425,55496.79274,40657.1111225,41767.2863,47781.4212575,47367.020470208336,7910.225714239689,46658.94243919644,55496.79274,35579.50083,123.287,7831.663259999999,356.5875,0.0,5582.898675,0.0,158.708,1202.0431475,4291.73273,338.379,137.55243,869.97055,5489.4095,26382.2317925,0.0046731073007647,0.3103699044266517,0.051578318248528,0.5292964502521625,0.224441878972624,21,0,8,2026,3,236,35,0,-0.7071067811865477,0.7071067811865474,-0.8660254037844384,-0.5000000000000004,0.0,1.0,0,0,,,
LIVE_DE_h24_21,DE,Germany,2026-08-24 20:00:00+00:00,2026-08-25 20:00:00+00:00,24,48713.43076,50799.808335,52956.6519925,51868.0903575,55283.36325,39449.719985,39608.804935,45401.24885,47789.6328540625,7806.416394272265,46676.90902894345,55496.79274,35579.50083,0.0895,10398.8189025,421.68775,0.0,5589.3909425,0.0,87.511,1183.891125,4254.78823,338.564,137.55243,865.418925,4060.48145,27338.194254999995,3.273808034472905e-06,0.3958018057656091,0.0465064412499544,0.5979468268834277,0.2168378381983225,22,0,8,2026,3,236,35,0,-0.5000000000000004,0.8660254037844384,-0.8660254037844384,-0.5000000000000004,0.0,1.0,0,0,,,
LIVE_DE_h24_22,DE,Germany,2026-08-24 21:00:00+00:00,2026-08-25 21:00:00+00:00,24,46107.46655,47617.41556,50799.808335,53586.27489,54670.921275,37831.4689225,38212.7045675,43479.7763225,48129.95350302083,7602.399580715307,46690.10049745535,55496.79274,35579.50083,0.0,12887.2891925,471.2155,0.0,5419.01855,0.0,82.47455,1170.802735,4162.47708,338.7273325,137.41768000000002,868.157325,1196.46815,26734.048095,0.0,0.4996813294054935,0.0468794430438088,0.7022602409775458,0.2153712697022063,23,0,8,2026,3,236,35,0,-0.2588190451025215,0.965925826289068,-0.8660254037844384,-0.5000000000000004,0.0,1.0,0,0,,,
LIVE_DE_h24_23,DE,Germany,2026-08-24 22:00:00+00:00,2026-08-25 22:00:00+00:00,24,44193.82726,44625.87615,47617.41556,54599.3849225,54492.878945,37045.1212675,35952.88656,41654.3517175,48413.05380416667,7323.622590661531,46696.9225202381,55496.79274,35579.50083,0.0,15202.550775,543.502,0.0,4952.0775175,0.0,50.241475,1171.71932,4031.04748,339.513165,137.55243,872.2963,97.622075,27398.1225375,0.0,0.574712838569441,0.0446001653335002,0.7664416064005276,0.1931369813846683,0,1,8,2026,3,237,35,0,0.0,1.0,-0.8660254037844384,-0.5000000000000004,0.7818314824680298,0.6234898018587336,0,0,,,
LIVE_DE_h24_24,DE,Germany,2026-08-24 23:00:00+00:00,2026-08-25 23:00:00+00:00,24,43145.317185,42324.7572275,44625.87615,54652.148695,54110.6026175,36164.6833825,35051.4116525,40720.4326325,48633.03863583333,7041.156419903551,46700.91302922619,55496.79274,35579.50083,0.0,16855.9790575,610.219,0.0,4822.61575,0.0,25.860875,1173.506215,3898.61313,344.1586675,137.18993,888.321075,74.52810000000001,28830.991800000003,0.0,0.6058132921219865,0.0415999247726191,0.7826362143219784,0.179209041899835,1,1,8,2026,3,237,35,0,0.2588190451025207,0.9659258262890684,-0.8660254037844384,-0.5000000000000004,0.7818314824680298,0.6234898018587336,0,0,,,
LIVE_FR_h24_01,FR,France,2026-08-24 00:00:00+00:00,2026-08-25 00:00:00+00:00,24,35953.275,35925.4975,37676.74,40727.1975,37538.2075,33296.8575,34709.015,35887.07,36074.05260416667,3462.124084593956,41120.07270833333,41176.945,30658.8875,0.0,9436.4975,1785.885,37345.7825,466.8,0.0,665.335,2192.475,292.37,36.9225,0.0,458.5475,115.1325,52795.747500000005,0.0,0.2125622428207877,0.0541295489755117,0.2722295484120193,0.0095409672909735,2,0,8,2026,3,236,35,0,0.4999999999999999,0.8660254037844387,-0.8660254037844384,-0.5000000000000004,0.0,1.0,0,0,,,
LIVE_FR_h24_02,FR,France,2026-08-24 01:00:00+00:00,2026-08-25 01:00:00+00:00,24,34343.4225,34002.2575,35925.4975,40424.435,37124.3375,31585.3825,32877.0775,34129.432499999995,36103.44427083333,3440.4484193277603,41108.85358630952,41176.945,30658.8875,0.0,8985.1575,1777.695,37478.8625,304.065,0.0,545.71,2130.37,292.755,36.975,0.0,447.095,102.5525,52101.2375,0.0,0.206575755518283,0.0513630794278159,0.2635577993708882,0.0065457178440339,3,0,8,2026,3,236,35,0,0.7071067811865475,0.7071067811865476,-0.8660254037844384,-0.5000000000000004,0.0,1.0,0,0,,,
LIVE_FR_h24_03,FR,France,2026-08-24 02:00:00+00:00,2026-08-25 02:00:00+00:00,24,34047.8775,32714.285,34002.2575,40647.55,36320.61,30820.7475,32241.865,34044.4275,36150.481875000005,3383.2334676879914,41100.43008928571,41176.945,30658.8875,0.0,8593.205,1739.3,38002.73,287.09000000000003,0.0,382.97,2075.8,292.02,36.98,0.0,446.605,112.68,51969.38000000001,0.0,0.1988190930890458,0.0473118978906425,0.2517500689829279,0.0062357873039855,4,0,8,2026,3,236,35,0,0.8660254037844386,0.5000000000000001,-0.8660254037844384,-0.5000000000000004,0.0,1.0,0,0,,,
LIVE_FR_h24_04,FR,France,2026-08-24 03:00:00+00:00,2026-08-25 03:00:00+00:00,24,35467.825,32861.965,32714.285,39894.5025,37111.67,30658.8875,32687.0475,35225.1675,36235.53260416666,3267.0878384850903,41093.39162202381,41176.945,30658.8875,0.0,7883.297500000001,1767.485,38373.065,266.3175,0.0,378.4475,2050.4475,292.58500000000004,36.99,0.0,449.37,59.7275,51557.732500000006,0.0,0.1871839980549959,0.0471101982617253,0.239969096779033,0.0058828712065644,5,0,8,2026,3,236,35,0,0.9659258262890684,0.2588190451025207,-0.8660254037844384,-0.5000000000000004,0.0,1.0,0,0,,,
LIVE_FR_h24_05,FR,France,2026-08-24 04:00:00+00:00,2026-08-25 04:00:00+00:00,24,38125.49,34358.427500000005,32861.965,37676.74,39245.8375,31408.0425,33216.6375,37350.965,36389.68010416667,3074.107334784097,41088.232455357145,41176.945,31351.73,0.0,7551.3175,1793.175,38368.2675,267.5075,0.0,581.9825000000001,2096.2625,292.29,37.0,0.0,449.6075,122.89,51560.3,0.0,0.1812342538736198,0.0519439374867873,0.2388470877787755,0.0059058519830179,6,0,8,2026,3,236,35,0,1.0,6.123233995736766e-17,-0.8660254037844384,-0.5000000000000004,0.0,1.0,0,0,,,
LIVE_FR_h24_06,FR,France,2026-08-24 05:00:00+00:00,2026-08-25 05:00:00+00:00,24,40452.585,37175.71,34358.427500000005,35925.4975,41176.945,31351.73,33607.585,39169.9125,36629.99958333333,2887.5156522148923,41087.18927083333,41176.945,31351.73,238.705,7489.3525,1738.855,38448.6625,275.52,0.0,768.4125,2141.1375,292.11249999999995,37.0,0.0,450.2425,325.2275,52205.22750000001,0.0045724348198655,0.1767678821052929,0.0557329244470776,0.2426687059260492,0.0059863736825972,7,0,8,2026,3,236,35,0,0.9659258262890684,-0.2588190451025206,-0.8660254037844384,-0.5000000000000004,0.0,1.0,0,0,,,
LIVE_FR_h24_07,FR,France,2026-08-24 06:00:00+00:00,2026-08-25 06:00:00+00:00,24,43097.2475,39508.0875,37175.71,34002.2575,40727.1975,32528.535,34893.9075,41796.53,36969.8478125,2714.049672497073,41089.2022172619,41176.945,32528.535,679.9100000000001,7746.5625,1758.0975,38502.1725,590.6375,0.0,825.6525,2262.815,293.015,36.98,0.0,450.7375,767.09,53913.67000000001,0.0126110873179288,0.1762940641955926,0.0572854250137302,0.2516254690137027,0.011641157057199,8,0,8,2026,3,236,35,0,0.8660254037844387,-0.4999999999999998,-0.8660254037844384,-0.5000000000000004,0.0,1.0,0,0,,,
LIVE_FR_h24_08,FR,France,2026-08-24 07:00:00+00:00,2026-08-25 07:00:00+00:00,24,44251.4325,42668.3425,39508.0875,32714.285,40424.435,33420.4075,36452.575,43493.0875,37392.339791666665,2781.015643655635,41094.39157738096,42668.3425,32714.285,2876.135,7442.8875,1776.7,38436.3425,656.875,0.0,852.3775,2294.84,293.345,36.795,0.0,452.31,727.5,55846.10749999999,0.0515010826851271,0.1650891693749649,0.056355181066111,0.2781981716451769,0.0124210984624129,9,0,8,2026,3,236,35,0,0.7071067811865476,-0.7071067811865475,-0.8660254037844384,-0.5000000000000004,0.0,1.0,0,0,,,
LIVE_FR_h24_09,FR,France,2026-08-24 08:00:00+00:00,2026-08-25 08:00:00+00:00,24,45071.22,44341.4725,42668.3425,32861.965,40647.55,35027.815,37496.83,44737.7375,37847.38416666667,2988.5850535074305,41099.44148809524,44341.4725,32714.285,6395.3150000000005,6845.97,1668.3075,38353.215,573.1875,0.0,571.9525,2130.05,293.03,36.75,0.0,454.0125,485.5875,57807.3775,0.1106314674108854,0.1472870396170454,0.0467414820885102,0.3097290652910175,0.0105512051640813,10,0,8,2026,3,236,35,0,0.4999999999999999,-0.8660254037844387,-0.8660254037844384,-0.5000000000000004,0.0,1.0,0,0,,,
LIVE_FR_h24_10,FR,France,2026-08-24 09:00:00+00:00,2026-08-25 09:00:00+00:00,24,46145.155,45632.6275,44341.4725,34358.427500000005,39894.5025,36107.66,38646.115000000005,46067.4725,38289.25135416666,3319.257768704104,41104.76821428571,45632.6275,32714.285,10488.45,6652.8425,1097.195,37963.605,573.0,0.0,266.5875,2060.855,293.0325,36.815,0.0,451.8875,76.255,59960.525,0.1749225844837082,0.1292523289280739,0.0388162461886382,0.3478782498985792,0.0101702745264488,11,0,8,2026,3,236,35,0,0.258819045102521,-0.9659258262890682,-0.8660254037844384,-0.5000000000000004,0.0,1.0,0,0,,,
LIVE_FR_h24_11,FR,France,2026-08-24 10:00:00+00:00,2026-08-25 10:00:00+00:00,24,47751.4975,47150.9725,45632.6275,37175.71,37676.74,38349.5025,40522.15,47559.0275,38749.389375000006,3742.187060949089,41111.21761904762,47150.9725,32714.285,13481.135,6553.9175,796.1800000000001,37874.9825,517.5525,0.0,165.515,2005.7275,292.44,36.9575,0.0,454.5275,1.4375,62180.37249999999,0.2168069192573589,0.1182060705731539,0.0349184543723986,0.3746345360024982,0.0089177658110684,12,0,8,2026,3,236,35,0,1.2246467991473532e-16,-1.0,-0.8660254037844384,-0.5000000000000004,0.0,1.0,0,0,,,
LIVE_FR_h24_12,FR,France,2026-08-24 11:00:00+00:00,2026-08-25 11:00:00+00:00,24,47053.65,48630.4125,47150.9725,39508.0875,35925.4975,37408.165,39720.7375,46887.585,39177.760625,4248.589710747763,41117.59491071429,48630.4125,32714.285,14761.7675,6560.2,609.2950000000001,37476.6275,429.195,0.0,415.13,1933.59,292.0425,214.14,0.0,454.7575,50.39,63197.135,0.2335828594128515,0.1134465193714873,0.0371649759122783,0.3888154898161126,0.0101798127399287,13,0,8,2026,3,236,35,0,-0.2588190451025208,-0.9659258262890684,-0.8660254037844384,-0.5000000000000004,0.0,1.0,0,0,,,
LIVE_FR_h24_13,FR,France,2026-08-24 12:00:00+00:00,2026-08-25 12:00:00+00:00,24,46952.4325,48531.865,48630.4125,42668.3425,34002.2575,37538.2075,39785.6275,47874.6875,39641.248125,4636.218184623044,41127.38229166666,48630.4125,32714.285,15158.3325,6758.675,600.385,36394.82,468.4825,0.0,625.5450000000001,1869.6025,291.4175,273.235,0.0,461.9175,31.6075,62934.02,0.2408607061808541,0.116932940244402,0.0396470382791374,0.4020712088628694,0.0117856367668869,14,0,8,2026,3,236,35,0,-0.4999999999999997,-0.8660254037844388,-0.8660254037844384,-0.5000000000000004,0.0,1.0,0,0,,,
LIVE_FR_h24_14,FR,France,2026-08-24 13:00:00+00:00,2026-08-25 13:00:00+00:00,24,46309.6675,49710.075,48531.865,44341.4725,32714.285,37124.3375,38732.315,47505.245,40148.40927083333,5043.977617675088,41138.30721726191,49710.075,32714.285,14467.665,7177.389999999999,620.6675,36058.925,444.03,0.0,819.4075,1879.3275,290.78,270.7175,0.0,463.6925,38.19,62530.7925,0.2313686492938659,0.1247074791191875,0.0431584966718597,0.4038848140298237,0.0114303285057517,15,0,8,2026,3,236,35,0,-0.7071067811865471,-0.7071067811865479,-0.8660254037844384,-0.5000000000000004,0.0,1.0,0,0,,,
LIVE_FR_h24_15,FR,France,2026-08-24 14:00:00+00:00,2026-08-25 14:00:00+00:00,24,45479.6475,49163.95,49710.075,45632.6275,32861.965,36320.61,38024.3325,46685.817500000005,40650.05979166667,5321.223386050728,41148.18046130952,49710.075,32714.285,12553.07,7483.005,847.455,36393.6925,496.87,0.0,744.1075,1956.2175,290.705,268.3175,0.0,466.1225,82.2575,61581.82,0.2038437642797825,0.1352746638537152,0.0438493860688105,0.3876884444142768,0.0124255421486406,16,0,8,2026,3,236,35,0,-0.8660254037844384,-0.5000000000000004,-0.8660254037844384,-0.5000000000000004,0.0,1.0,0,0,,,
LIVE_FR_h24_16,FR,France,2026-08-24 15:00:00+00:00,2026-08-25 15:00:00+00:00,24,45661.625,48047.4275,49163.95,47150.9725,34358.427500000005,37111.67,38700.2125,46082.85,41138.677187500005,5443.390918644973,41156.2852827381,49710.075,32714.285,10026.7025,7918.22,1696.7025,36764.1225,774.2625,0.0,643.1675,2018.3625,290.1725,244.73,0.0,461.6875,245.7825,61083.9125,0.164146369962795,0.1574051514791231,0.0435717014688605,0.369873614431623,0.0166818472867139,17,0,8,2026,3,236,35,0,-0.9659258262890684,-0.2588190451025206,-0.8660254037844384,-0.5000000000000004,0.0,1.0,0,0,,,
LIVE_FR_h24_17,FR,France,2026-08-24 16:00:00+00:00,2026-08-25 16:00:00+00:00,24,47291.735,46919.8675,48047.4275,48630.4125,37175.71,39245.8375,39802.76,47135.7975,41547.35208333333,5495.842770331966,41161.26752976191,49710.075,32714.285,7123.7625,8071.2775,1714.785,37170.5275,888.79,0.0,928.5625,2158.74,290.8025,181.0875,0.0,460.475,539.6925,59528.5025,0.1196697749955998,0.1643928889358505,0.0518625930494388,0.3408103538300834,0.0179725250101831,18,0,8,2026,3,236,35,0,-1.0,-1.8369701987210294e-16,-0.8660254037844384,-0.5000000000000004,0.0,1.0,0,0,,,
LIVE_FR_h24_18,FR,France,2026-08-24 17:00:00+00:00,2026-08-25 17:00:00+00:00,24,47853.215,47171.1125,46919.8675,48531.865,39508.0875,41176.945,40919.5925,47681.32,41877.571875,5588.852443384231,41161.47773809524,49710.075,32714.285,4531.205,7670.5,1697.065,36822.2325,1590.305,0.0,1553.305,2368.1275,292.345,651.5775,0.0,458.42,1276.7575,58911.84,0.0769150140277404,0.159009886637389,0.0665644206665417,0.3074517363572416,0.0380548714825406,19,0,8,2026,3,236,35,0,-0.9659258262890684,0.2588190451025203,-0.8660254037844384,-0.5000000000000004,0.0,1.0,0,0,,,
LIVE_FR_h24_19,FR,France,2026-08-24 18:00:00+00:00,2026-08-25 18:00:00+00:00,24,46123.6825,47215.945,47171.1125,49710.075,42668.3425,40727.1975,40093.5025,46041.0275,42129.196875,5690.950229393398,41158.70764880952,49710.075,32714.285,2056.9725,7006.7275,1420.905,37266.630000000005,2650.755,0.0,1807.9675,2629.885,292.5725,896.45,0.0,450.0975,1944.635,58423.5975,0.0352079055042784,0.1442504888542681,0.0759599321147589,0.2604261060781134,0.0607152786166582,20,0,8,2026,3,236,35,0,-0.8660254037844386,0.5000000000000001,-0.8660254037844384,-0.5000000000000004,0.0,1.0,0,0,,,
LIVE_FR_h24_20,FR,France,2026-08-24 19:00:00+00:00,2026-08-25 19:00:00+00:00,24,45012.5025,45102.9925,47215.945,49163.95,44341.4725,40424.435,39701.0775,45252.1675,42311.52166666667,5714.128470459149,41153.12410714285,49710.075,32714.285,565.8,6331.1275,1199.6075,37721.7925,2829.6275,0.0,1537.1775,2638.5375,292.3675,84.86,0.0,450.93,2220.75,55872.5775,0.0101266135431106,0.1347840986931379,0.074736394611471,0.2248798616816988,0.0521631116803229,21,0,8,2026,3,236,35,0,-0.7071067811865477,0.7071067811865474,-0.8660254037844384,-0.5000000000000004,0.0,1.0,0,0,,,
LIVE_FR_h24_21,FR,France,2026-08-24 20:00:00+00:00,2026-08-25 20:00:00+00:00,24,44829.9775,43708.69,45102.9925,48047.4275,45632.6275,40647.55,39960.065,45408.345,42448.365625,5706.291832091074,41143.93674107143,49710.075,32714.285,214.9425,6031.8225,1116.7625,37905.065,2863.35,0.0,1302.3925,2641.6375,288.285,35.32,0.0,462.1975,1438.1374999999998,54299.9125,0.003958431793053,0.1316500279811684,0.0726341870256236,0.2135517713771638,0.0533825906257215,22,0,8,2026,3,236,35,0,-0.5000000000000004,0.8660254037844384,-0.8660254037844384,-0.5000000000000004,0.0,1.0,0,0,,,
LIVE_FR_h24_22,FR,France,2026-08-24 21:00:00+00:00,2026-08-25 21:00:00+00:00,24,43756.92,43513.0175,43708.69,46919.8675,47150.9725,39894.5025,39250.78,43945.4825,42567.76010416667,5696.944469277481,41132.6550297619,49710.075,32714.285,202.4575,5588.1,1105.9275,38007.9775,2671.975,0.0,1282.5725,2640.9475,282.2025,35.2675,0.0,462.515,972.0,53251.942500000005,0.0038018800910408,0.1257048510483913,0.0736784390541246,0.2084845543427828,0.0508383802149564,23,0,8,2026,3,236,35,0,-0.2588190451025215,0.965925826289068,-0.8660254037844384,-0.5000000000000004,0.0,1.0,0,0,,,
LIVE_FR_h24_23,FR,France,2026-08-24 22:00:00+00:00,2026-08-25 22:00:00+00:00,24,41274.75,42160.195,43513.0175,47171.1125,48630.4125,37676.74,37108.895,41266.2625,42662.16395833333,5669.425887544456,41122.02831845238,49710.075,32714.285,0.0,5108.75,980.8025,38208.52250000001,2136.295,0.0,765.505,2546.8975,291.945,35.345,0.0,463.24,234.66,50771.96250000001,0.0,0.1199392775097082,0.0652407812678109,0.1909301811999092,0.0427724258245877,0,1,8,2026,3,237,35,0,0.0,1.0,-0.8660254037844384,-0.5000000000000004,0.7818314824680298,0.6234898018587336,0,0,,,
LIVE_FR_h24_24,FR,France,2026-08-24 23:00:00+00:00,2026-08-25 23:00:00+00:00,24,39306.895,39745.925,42160.195,47215.945,48531.865,35925.4975,35303.509999999995,39375.5575,42748.38,5605.690308683101,41112.97869047619,49710.075,32714.285,0.0,4899.3275,624.1600000000001,38620.5175,1525.69,0.0,395.755,2487.48,295.605,35.395,0.0,462.4225,240.27,49586.622500000005,0.0,0.111390677999898,0.0581454201685142,0.1754974842257102,0.0314819788341099,1,1,8,2026,3,237,35,0,0.2588190451025207,0.9659258262890684,-0.8660254037844384,-0.5000000000000004,0.7818314824680298,0.6234898018587336,0,0,,,
LIVE_ES_h24_01,ES,Spain,2026-08-24 00:00:00+00:00,2026-08-25 00:00:00+00:00,24,23936.0,24213.0,25774.0,28710.0,25532.0,22702.0,24001.0,24287.0,24719.375,2582.040443769457,29006.279761904763,30126.0,21456.0,650.0,7915.0,0.0,6952.0,4558.0,0.0,896.0,562.0,455.0,15.0,20.0,256.0,1104.0,23383.0,0.0277979728862849,0.3384937775306846,0.0623529914895436,0.4481033229269127,0.1955694307830475,2,0,8,2026,3,236,35,0,0.4999999999999999,0.8660254037844387,-0.8660254037844384,-0.5000000000000004,0.0,1.0,0,0,,,
LIVE_ES_h24_02,ES,Spain,2026-08-24 01:00:00+00:00,2026-08-25 01:00:00+00:00,24,23277.0,23289.0,24213.0,30126.0,25014.0,22046.0,23337.0,23650.0,24743.83333333333,2564.822812198012,29000.339285714286,30126.0,21456.0,653.0,7113.0,0.0,6951.0,4419.0,0.0,902.0,550.0,466.0,16.0,19.0,255.0,900.0,22244.0,0.0293562308937241,0.3197716238086675,0.0652760294910987,0.4353533537133609,0.1993796079841755,3,0,8,2026,3,236,35,0,0.7071067811865475,0.7071067811865476,-0.8660254037844384,-0.5000000000000004,0.0,1.0,0,0,,,
LIVE_ES_h24_03,ES,Spain,2026-08-24 02:00:00+00:00,2026-08-25 02:00:00+00:00,24,23110.0,22731.0,23289.0,29196.0,24991.0,21589.0,22757.0,23328.0,24772.375,2537.157872630806,28994.86904761905,30126.0,21456.0,651.0,6282.0,0.0,6956.0,4410.0,0.0,874.0,546.0,460.0,16.0,20.0,251.0,1043.0,21509.0,0.0302664001115811,0.292063787251848,0.0660188758194244,0.4097354595750616,0.2057743270258961,4,0,8,2026,3,236,35,0,0.8660254037844386,0.5000000000000001,-0.8660254037844384,-0.5000000000000004,0.0,1.0,0,0,,,
LIVE_ES_h24_04,ES,Spain,2026-08-24 03:00:00+00:00,2026-08-25 03:00:00+00:00,24,23503.0,22440.0,22731.0,27410.0,25719.0,21456.0,22501.0,23468.0,24807.83333333333,2496.3524114834318,28989.58333333333,30126.0,21456.0,572.0,6018.0,0.0,6957.0,4278.0,0.0,770.0,542.0,461.0,16.0,20.0,251.0,1227.0,21112.0,0.0270935960591133,0.2850511557408109,0.0621447517999242,0.3961254262978401,0.2033914361500568,5,0,8,2026,3,236,35,0,0.9659258262890684,0.2588190451025207,-0.8660254037844384,-0.5000000000000004,0.0,1.0,0,0,,,
LIVE_ES_h24_05,ES,Spain,2026-08-24 04:00:00+00:00,2026-08-25 04:00:00+00:00,24,25672.0,22871.0,22440.0,25774.0,26865.0,21662.0,22980.0,25413.0,24866.791666666668,2429.563782266633,28986.029761904763,30126.0,21662.0,433.0,5844.0,0.0,6960.0,4116.0,0.0,820.0,536.0,466.0,15.0,18.0,251.0,1351.0,20810.0,0.0208073041806823,0.2808265257087938,0.0651609802979336,0.3891878904372897,0.1985103315713599,6,0,8,2026,3,236,35,0,1.0,6.123233995736766e-17,-0.8660254037844384,-0.5000000000000004,0.0,1.0,0,0,,,
LIVE_ES_h24_06,ES,Spain,2026-08-24 05:00:00+00:00,2026-08-25 05:00:00+00:00,24,27963.0,25158.0,22871.0,24213.0,27768.0,21884.0,23630.0,27638.0,25012.45833333333,2331.903551200551,28984.511904761905,30126.0,21884.0,327.0,6089.0,0.0,6964.0,5711.0,0.0,1119.0,558.0,463.0,15.0,16.0,251.0,1951.0,23464.0,0.0139362427548585,0.2595039209001022,0.071471189907944,0.3646437095124445,0.2440334128878281,7,0,8,2026,3,236,35,0,0.9659258262890684,-0.2588190451025206,-0.8660254037844384,-0.5000000000000004,0.0,1.0,0,0,,,
LIVE_ES_h24_07,ES,Spain,2026-08-24 06:00:00+00:00,2026-08-25 06:00:00+00:00,24,29158.0,27696.0,25158.0,23289.0,28710.0,22145.0,24246.0,28950.0,25254.625,2294.373814592392,28984.85714285714,30126.0,22145.0,433.0,6589.0,0.0,6962.0,6676.0,0.0,1320.0,585.0,457.0,18.0,12.0,243.0,2161.0,25456.0,0.0170097423004399,0.2588387806411062,0.0748350094280326,0.3686360779384035,0.2629635449402891,8,0,8,2026,3,236,35,0,0.8660254037844387,-0.4999999999999998,-0.8660254037844384,-0.5000000000000004,0.0,1.0,0,0,,,
LIVE_ES_h24_08,ES,Spain,2026-08-24 07:00:00+00:00,2026-08-25 07:00:00+00:00,24,30025.0,29236.0,27696.0,22731.0,30126.0,22754.0,25248.0,30102.0,25550.08333333333,2332.771833578352,28986.559523809523,30126.0,22440.0,4323.0,6410.0,0.0,6955.0,6241.0,0.0,1070.0,610.0,452.0,19.0,12.0,234.0,1884.0,28210.0,0.1532435306628855,0.2272243885147111,0.0595533498759305,0.456043956043956,0.2219071251329316,9,0,8,2026,3,236,35,0,0.7071067811865476,-0.7071067811865475,-0.8660254037844384,-0.5000000000000004,0.0,1.0,0,0,,,
LIVE_ES_h24_09,ES,Spain,2026-08-24 08:00:00+00:00,2026-08-25 08:00:00+00:00,24,30105.0,30510.0,29236.0,22440.0,29196.0,23293.0,26016.0,30894.0,25873.25,2462.220388009712,28988.98809523809,30510.0,22440.0,12280.0,6032.0,0.0,6953.0,4001.0,0.0,746.0,576.0,447.0,16.0,12.0,229.0,487.0,31779.0,0.3864187041757135,0.1898108813996664,0.0415997986091444,0.6318952767550898,0.1264042292079675,10,0,8,2026,3,236,35,0,0.4999999999999999,-0.8660254037844387,-0.8660254037844384,-0.5000000000000004,0.0,1.0,0,0,,,
LIVE_ES_h24_10,ES,Spain,2026-08-24 09:00:00+00:00,2026-08-25 09:00:00+00:00,24,30109.0,30887.0,30510.0,22871.0,27410.0,23425.0,25865.0,31465.0,26189.666666666668,2600.295161618481,28988.946428571428,30887.0,22440.0,17099.0,6629.0,0.0,6949.0,3169.0,0.0,431.0,522.0,415.0,16.0,12.0,236.0,16.0,35494.0,0.4817433932495633,0.1867639601059334,0.0268496083845156,0.7070490787175298,0.0897334760804643,11,0,8,2026,3,236,35,0,0.258819045102521,-0.9659258262890682,-0.8660254037844384,-0.5000000000000004,0.0,1.0,0,0,,,
LIVE_ES_h24_11,ES,Spain,2026-08-24 10:00:00+00:00,2026-08-25 10:00:00+00:00,24,30279.0,31041.0,30887.0,25158.0,25774.0,24014.0,25853.0,32243.0,26507.0,2710.611562632776,28986.42261904762,31041.0,22440.0,19717.0,6392.0,0.0,6945.0,3150.0,0.0,470.0,487.0,376.0,13.0,15.0,238.0,0.0,37803.0,0.5215723619818533,0.1690871094886649,0.0253154511546702,0.7259212231833453,0.0836706081527921,12,0,8,2026,3,236,35,0,1.2246467991473532e-16,-1.0,-0.8660254037844384,-0.5000000000000004,0.0,1.0,0,0,,,
LIVE_ES_h24_12,ES,Spain,2026-08-24 11:00:00+00:00,2026-08-25 11:00:00+00:00,24,30734.0,31354.0,31041.0,27696.0,24213.0,24977.0,26253.0,33389.0,26812.83333333333,2828.612267936181,28981.130952380958,31354.0,22440.0,20386.0,5947.0,0.0,6945.0,3181.0,0.0,380.0,471.0,359.0,12.0,16.0,239.0,0.0,37936.0,0.5373787431463517,0.1567640236187262,0.0224325179249261,0.7260385913116828,0.0841680725432307,13,0,8,2026,3,236,35,0,-0.2588190451025208,-0.9659258262890684,-0.8660254037844384,-0.5000000000000004,0.0,1.0,0,0,,,
LIVE_ES_h24_13,ES,Spain,2026-08-24 12:00:00+00:00,2026-08-25 12:00:00+00:00,24,30673.0,31897.0,31354.0,29236.0,23289.0,25532.0,26268.0,34127.0,27101.166666666668,2981.8821699326977,28972.25,31897.0,22440.0,20264.0,7085.0,0.0,6945.0,3132.0,0.0,407.0,473.0,348.0,12.0,16.0,243.0,11.0,38936.0,0.5204438052188206,0.1819652763509348,0.0226011916991986,0.7339480172590919,0.0807478939798644,14,0,8,2026,3,236,35,0,-0.4999999999999997,-0.8660254037844388,-0.8660254037844384,-0.5000000000000004,0.0,1.0,0,0,,,
LIVE_ES_h24_14,ES,Spain,2026-08-24 13:00:00+00:00,2026-08-25 13:00:00+00:00,24,29790.0,31577.0,31897.0,30510.0,22731.0,25014.0,25699.0,33827.0,27353.041666666668,3096.670757571316,28957.071428571428,31897.0,22440.0,20073.0,7182.0,0.0,6943.0,2776.0,0.0,309.0,452.0,335.0,12.0,15.0,243.0,6.0,38346.0,0.5234705053982163,0.1872946330777656,0.0198456162311584,0.739346998383143,0.0727064100558076,15,0,8,2026,3,236,35,0,-0.7071067811865471,-0.7071067811865479,-0.8660254037844384,-0.5000000000000004,0.0,1.0,0,0,,,
LIVE_ES_h24_15,ES,Spain,2026-08-24 14:00:00+00:00,2026-08-25 14:00:00+00:00,24,29704.0,30649.0,31577.0,30887.0,22440.0,24991.0,25489.0,33627.0,27587.83333333333,3125.106463114064,28938.154761904763,31897.0,22440.0,19034.0,7787.0,0.0,6944.0,2695.0,0.0,261.0,442.0,334.0,15.0,16.0,247.0,0.0,37775.0,0.5038782263401721,0.2061416280608868,0.0186101919258769,0.7374718729318332,0.071740569159497,16,0,8,2026,3,236,35,0,-0.8660254037844384,-0.5000000000000004,-0.8660254037844384,-0.5000000000000004,0.0,1.0,0,0,,,
LIVE_ES_h24_16,ES,Spain,2026-08-24 15:00:00+00:00,2026-08-25 15:00:00+00:00,24,30609.0,30486.0,30649.0,31041.0,22871.0,25719.0,26084.0,34184.0,27816.791666666668,3127.871758451587,28919.45833333333,31897.0,22440.0,18415.0,8097.0,0.0,6949.0,2918.0,0.0,265.0,436.0,341.0,16.0,12.0,250.0,0.0,37699.0,0.4884744953447041,0.2147802328974243,0.0185946576832276,0.7308947186928035,0.0778269980636091,17,0,8,2026,3,236,35,0,-0.9659258262890684,-0.2588190451025206,-0.8660254037844384,-0.5000000000000004,0.0,1.0,0,0,,,
LIVE_ES_h24_17,ES,Spain,2026-08-24 16:00:00+00:00,2026-08-25 16:00:00+00:00,24,31485.0,30815.0,30486.0,31354.0,25158.0,26865.0,27328.0,34585.0,28029.125,3152.148009001536,28899.404761904763,31897.0,22440.0,17327.0,8589.0,0.0,6957.0,3418.0,0.0,314.0,447.0,341.0,16.0,15.0,250.0,0.0,37674.0,0.4599193077453947,0.2279821627647714,0.0201996071561288,0.7171524128045867,0.0911503954982215,18,0,8,2026,3,236,35,0,-1.0,-1.8369701987210294e-16,-0.8660254037844384,-0.5000000000000004,0.0,1.0,0,0,,,
LIVE_ES_h24_18,ES,Spain,2026-08-24 17:00:00+00:00,2026-08-25 17:00:00+00:00,24,32234.0,31167.0,30815.0,31897.0,27696.0,27768.0,28498.0,34933.0,28208.375,3204.947205866497,28879.059523809523,31897.0,22440.0,14859.0,10779.0,0.0,6964.0,4374.0,0.0,421.0,483.0,358.0,15.0,19.0,245.0,14.0,38531.0,0.3856375386052789,0.2797487737146713,0.0234616282992914,0.6981391606758195,0.1139082816433521,19,0,8,2026,3,236,35,0,-0.9659258262890684,0.2588190451025203,-0.8660254037844384,-0.5000000000000004,0.0,1.0,0,0,,,
LIVE_ES_h24_19,ES,Spain,2026-08-24 18:00:00+00:00,2026-08-25 18:00:00+00:00,24,32892.0,31561.0,31167.0,31577.0,29236.0,28710.0,29038.0,35279.0,28366.416666666668,3275.040682344976,28858.98809523809,31897.0,22440.0,9030.0,11701.0,0.0,6968.0,5780.0,0.0,730.0,536.0,410.0,18.0,16.0,242.0,567.0,35998.0,0.2508472692927385,0.3250458358797711,0.0351686204789154,0.6224512472915162,0.1610645035835324,20,0,8,2026,3,236,35,0,-0.8660254037844386,0.5000000000000001,-0.8660254037844384,-0.5000000000000004,0.0,1.0,0,0,,,
LIVE_ES_h24_20,ES,Spain,2026-08-24 19:00:00+00:00,2026-08-25 19:00:00+00:00,24,33634.0,31714.0,31561.0,30649.0,30510.0,30126.0,29952.0,35692.0,28491.58333333333,3345.3911699097744,28837.76785714286,31897.0,22440.0,2468.0,11165.0,0.0,6972.0,8379.0,0.0,1754.0,596.0,453.0,22.0,16.0,244.0,1182.0,33251.0,0.0742233316291239,0.3357793750563893,0.0706745661784608,0.4943009232805028,0.2526540555171273,21,0,8,2026,3,236,35,0,-0.7071067811865477,0.7071067811865474,-0.8660254037844384,-0.5000000000000004,0.0,1.0,0,0,,,
LIVE_ES_h24_21,ES,Spain,2026-08-24 20:00:00+00:00,2026-08-25 20:00:00+00:00,24,31410.0,32428.0,31714.0,30486.0,30887.0,29196.0,28457.0,33851.0,28587.5,3426.311402381152,28818.339285714286,32428.0,22440.0,437.0,10123.0,0.0,6972.0,10038.0,0.0,2283.0,641.0,451.0,26.0,16.0,246.0,1925.0,33158.0,0.0131793232402436,0.3052958562036311,0.0881838470354062,0.4202605706013632,0.3035164967730261,22,0,8,2026,3,236,35,0,-0.5000000000000004,0.8660254037844384,-0.8660254037844384,-0.5000000000000004,0.0,1.0,0,0,,,
LIVE_ES_h24_22,ES,Spain,2026-08-24 21:00:00+00:00,2026-08-25 21:00:00+00:00,24,28968.0,30320.0,32428.0,30815.0,31041.0,27410.0,26738.0,31308.0,28634.33333333333,3442.633403896402,28797.321428571428,32428.0,22440.0,308.0,9851.0,0.0,6970.0,9450.0,0.0,1986.0,638.0,412.0,20.0,17.0,244.0,2072.0,31968.0,0.0096346346346346,0.3081519019019019,0.082082082082082,0.4127565065065065,0.2962337337337337,23,0,8,2026,3,236,35,0,-0.2588190451025215,0.965925826289068,-0.8660254037844384,-0.5000000000000004,0.0,1.0,0,0,,,
LIVE_ES_h24_23,ES,Spain,2026-08-24 22:00:00+00:00,2026-08-25 22:00:00+00:00,24,27369.0,27956.0,30320.0,31167.0,31354.0,25774.0,25104.0,29180.0,28657.08333333333,3435.9885093277044,28777.36904761905,32428.0,22440.0,304.0,10127.0,0.0,6970.0,6629.0,0.0,1685.0,604.0,395.0,20.0,20.0,246.0,1928.0,28928.0,0.0105088495575221,0.3500760508849557,0.0791274889380531,0.4533669800884956,0.2298465154867256,0,1,8,2026,3,237,35,0,0.0,1.0,-0.8660254037844384,-0.5000000000000004,0.7818314824680298,0.6234898018587336,0,0,,,
LIVE_ES_h24_24,ES,Spain,2026-08-24 23:00:00+00:00,2026-08-25 23:00:00+00:00,24,25926.0,26360.0,27956.0,31561.0,31897.0,24213.0,23690.0,27222.0,28681.5,3416.637719212846,28760.58333333333,32428.0,22440.0,272.0,10331.0,0.0,6972.0,5262.0,0.0,1214.0,555.0,402.0,20.0,19.0,246.0,1492.0,26785.0,0.010154937464999,0.3857009520253873,0.0660444278514093,0.4769087175658018,0.1971999253313421,1,1,8,2026,3,237,35,0,0.2588190451025207,0.9659258262890684,-0.8660254037844384,-0.5000000000000004,0.7818314824680298,0.6234898018587336,0,0,,,
LIVE_PT_h24_01,PT,Portugal,2026-08-24 00:00:00+00:00,2026-08-25 00:00:00+00:00,24,5031.7,4975.0,5258.3,5828.5,5471.7,4772.9,5044.0,5026.7,5108.525,542.9037397662485,5779.442857142857,6050.3,4311.4,0.0,2986.3,21.9,0.0,570.5,0.0,2.2,29.4,315.1,0.0,27.9,0.0,913.8,4867.1,0.0,0.6180682541965441,0.0064925725791539,0.6893016375254258,0.1172155903926362,1,0,8,2026,3,236,35,0,0.2588190451025207,0.9659258262890684,-0.8660254037844384,-0.5000000000000004,0.0,1.0,0,0,,,
LIVE_PT_h24_02,PT,Portugal,2026-08-24 01:00:00+00:00,2026-08-25 01:00:00+00:00,24,4833.8,4716.5,4975.0,6050.3,5344.5,4542.9,4807.8,4814.8,5106.175,544.5392845252846,5777.596428571429,6050.3,4311.4,0.0,3058.0,20.5,0.0,640.4,0.0,2.1,12.7,315.3,0.0,28.5,0.0,913.5,4991.0,0.0,0.6168102584652374,0.0029653376076938,0.6829493087557603,0.1283109597275095,2,0,8,2026,3,236,35,0,0.4999999999999999,0.8660254037844387,-0.8660254037844384,-0.5000000000000004,0.0,1.0,0,0,,,
LIVE_PT_h24_03,PT,Portugal,2026-08-24 02:00:00+00:00,2026-08-25 02:00:00+00:00,24,4709.0,4538.7,4716.5,5897.7,5261.5,4403.8,4617.6,4672.5,5106.0,544.7288180529792,5775.952976190476,6050.3,4311.4,0.0,3095.8,19.6,0.0,592.1,0.0,2.1,13.3,315.9,0.0,26.7,0.0,922.9,4988.4,0.0,0.6245289070643895,0.0030871622163419,0.6909429877315373,0.118695373265977,3,0,8,2026,3,236,35,0,0.7071067811865475,0.7071067811865476,-0.8660254037844384,-0.5000000000000004,0.0,1.0,0,0,,,
LIVE_PT_h24_04,PT,Portugal,2026-08-24 03:00:00+00:00,2026-08-25 03:00:00+00:00,24,4630.5,4433.6,4538.7,5599.9,5202.4,4311.4,4538.4,4590.7,5107.241666666667,543.0901149634552,5774.530952380952,6050.3,4311.4,0.0,3248.2,24.1,0.0,579.1,0.0,2.1,12.7,318.7,0.0,27.7,0.0,905.7,5118.299999999999,0.0,0.6393333724088076,0.0028915850966141,0.7044917257683214,0.1131430357735967,4,0,8,2026,3,236,35,0,0.8660254037844386,0.5000000000000001,-0.8660254037844384,-0.5000000000000004,0.0,1.0,0,0,,,
LIVE_PT_h24_05,PT,Portugal,2026-08-24 04:00:00+00:00,2026-08-25 04:00:00+00:00,24,4703.7,4393.3,4433.6,5258.3,5186.1,4321.1,4543.9,4665.4,5110.654166666666,538.1064764355551,5773.355952380953,6050.3,4321.1,0.0,3289.8,25.0,0.0,585.8,0.0,2.1,12.4,318.3,0.0,27.3,0.0,797.7,5058.400000000001,0.0,0.6553060256207496,0.0028665190574094,0.7210975802625336,0.115807369919342,5,0,8,2026,3,236,35,0,0.9659258262890684,0.2588190451025207,-0.8660254037844384,-0.5000000000000004,0.0,1.0,0,0,,,
LIVE_PT_h24_06,PT,Portugal,2026-08-24 05:00:00+00:00,2026-08-25 05:00:00+00:00,24,4946.8,4505.2,4393.3,4975.0,5547.9,4359.1,4621.5,4889.7,5118.325,527.5708938554919,5772.402380952381,6050.3,4343.7,0.0,3299.9,25.0,0.0,630.5,0.0,35.5,55.4,321.2,0.0,27.6,0.0,1075.9,5471.0,0.0,0.6077316761104004,0.0166148784500091,0.6830561140559313,0.1152440138914275,6,0,8,2026,3,236,35,0,1.0,6.123233995736766e-17,-0.8660254037844384,-0.5000000000000004,0.0,1.0,0,0,,,
LIVE_PT_h24_07,PT,Portugal,2026-08-24 06:00:00+00:00,2026-08-25 06:00:00+00:00,24,5255.0,4827.0,4505.2,4716.5,5828.5,4343.7,4648.5,5189.0,5137.820833333333,506.5200824201661,5772.029166666666,6050.3,4343.7,0.6,3361.2,25.0,0.0,651.9,0.0,82.4,212.4,319.3,0.0,26.3,0.0,2200.7,6879.8,8.721183755341725e-05,0.4921945405389691,0.0428500828512456,0.5815430681124452,0.0947556615017878,7,0,8,2026,3,236,35,0,0.9659258262890684,-0.2588190451025206,-0.8660254037844384,-0.5000000000000004,0.0,1.0,0,0,,,
LIVE_PT_h24_08,PT,Portugal,2026-08-24 07:00:00+00:00,2026-08-25 07:00:00+00:00,24,5838.2,5159.0,4827.0,4538.7,6050.3,4582.8,4841.1,5694.2,5171.791666666667,477.4508350893736,5771.850595238095,6050.3,4393.3,144.2,3596.7,25.0,0.0,606.0,0.0,195.3,225.5,317.8,0.0,26.4,0.0,1765.3,6902.2,0.0208918895424647,0.5247167569760366,0.0609660687896612,0.6526180058532063,0.0877980933615369,8,0,8,2026,3,236,35,0,0.8660254037844387,-0.4999999999999998,-0.8660254037844384,-0.5000000000000004,0.0,1.0,0,0,,,
LIVE_PT_h24_09,PT,Portugal,2026-08-24 08:00:00+00:00,2026-08-25 08:00:00+00:00,24,6186.4,5763.5,5159.0,4433.6,5897.7,4947.4,5025.9,6056.5,5220.9875,474.94557794643487,5772.263095238095,6050.3,4393.3,686.6,3756.6,25.0,0.0,571.2,0.0,79.0,142.2,316.1,0.0,24.8,0.0,522.5,6124.000000000001,0.1121162638798171,0.617504898758981,0.0361201828870019,0.8173579359895492,0.0932723709993468,9,0,8,2026,3,236,35,0,0.7071067811865476,-0.7071067811865475,-0.8660254037844384,-0.5000000000000004,0.0,1.0,0,0,,,
LIVE_PT_h24_10,PT,Portugal,2026-08-24 09:00:00+00:00,2026-08-25 09:00:00+00:00,24,6341.5,6193.2,5763.5,4393.3,5599.9,5325.7,5041.6,6200.0,5272.895833333333,510.4927529862224,5773.0767857142855,6193.2,4393.3,1188.2,3901.5,25.0,0.0,640.8,0.0,12.7,123.3,318.7,0.0,26.8,0.0,17.9,6254.9,0.1899630689539401,0.6277478456889799,0.0217429535244368,0.8904059217573422,0.1024476810180818,10,0,8,2026,3,236,35,0,0.4999999999999999,-0.8660254037844387,-0.8660254037844384,-0.5000000000000004,0.0,1.0,0,0,,,
LIVE_PT_h24_11,PT,Portugal,2026-08-24 10:00:00+00:00,2026-08-25 10:00:00+00:00,24,6426.1,6509.7,6193.2,4505.2,5258.3,5480.6,5089.1,6350.5,5322.229166666667,569.6051710188838,5774.920238095238,6509.7,4393.3,1407.6,4080.6,24.8,0.0,690.1,0.0,11.1,123.3,318.0,0.0,28.0,0.0,0.0,6683.5,0.210608214258996,0.6142589960350116,0.0201092242088725,0.8925562953542306,0.1032542829355876,11,0,8,2026,3,236,35,0,0.258819045102521,-0.9659258262890682,-0.8660254037844384,-0.5000000000000004,0.0,1.0,0,0,,,
LIVE_PT_h24_12,PT,Portugal,2026-08-24 11:00:00+00:00,2026-08-25 11:00:00+00:00,24,6461.5,6576.2,6509.7,4827.0,4975.0,5589.4,5162.7,6475.0,5367.879166666667,624.1410988600527,5776.263690476191,6576.2,4393.3,1658.8,4150.0,25.0,0.0,656.7,0.0,2.5,110.9,314.1,0.0,28.2,0.0,0.0,6946.200000000001,0.2388068296334686,0.6010480550516829,0.0163254729204457,0.9013993262503238,0.0945409000604647,12,0,8,2026,3,236,35,0,1.2246467991473532e-16,-1.0,-0.8660254037844384,-0.5000000000000004,0.0,1.0,0,0,,,
LIVE_PT_h24_13,PT,Portugal,2026-08-24 12:00:00+00:00,2026-08-25 12:00:00+00:00,24,6224.2,6534.0,6576.2,5159.0,4716.5,5471.7,5014.9,6456.0,5407.2375,667.0273769314786,5776.614880952381,6576.2,4393.3,1814.4,4067.0,25.0,0.0,588.9,0.0,3.7,87.0,305.9,0.0,28.3,0.0,0.0,6920.2,0.2621889540764718,0.5913123898153233,0.0131065576139417,0.9108118262477962,0.0850986965694633,13,0,8,2026,3,236,35,0,-0.2588190451025208,-0.9659258262890684,-0.8660254037844384,-0.5000000000000004,0.0,1.0,0,0,,,
LIVE_PT_h24_14,PT,Portugal,2026-08-24 13:00:00+00:00,2026-08-25 13:00:00+00:00,24,6062.4,6365.1,6534.0,5763.5,4538.7,5344.5,4875.1,6543.9,5444.4625,695.1188617861487,5776.073809523809,6576.2,4393.3,1853.0,4051.1,25.0,0.0,613.5,0.0,3.9,82.9,305.9,0.0,27.5,0.0,0.0,6962.8,0.2661285689665077,0.5854110415350147,0.0124662492100878,0.9079393347503876,0.0881111047279829,14,0,8,2026,3,236,35,0,-0.4999999999999997,-0.8660254037844388,-0.8660254037844384,-0.5000000000000004,0.0,1.0,0,0,,,
LIVE_PT_h24_15,PT,Portugal,2026-08-24 14:00:00+00:00,2026-08-25 14:00:00+00:00,24,5993.2,6301.1,6365.1,6193.2,4433.6,5261.5,4844.5,6593.6,5484.320833333334,716.2426768601533,5774.628571428571,6576.2,4393.3,1375.2,4047.0,25.0,0.0,638.2,0.0,2.7,50.8,325.8,0.0,27.2,0.0,0.0,6491.9,0.2118332075355443,0.6272431799627228,0.0082410388330072,0.8975030422526533,0.0983071211817803,15,0,8,2026,3,236,35,0,-0.7071067811865471,-0.7071067811865479,-0.8660254037844384,-0.5000000000000004,0.0,1.0,0,0,,,
LIVE_PT_h24_16,PT,Portugal,2026-08-24 15:00:00+00:00,2026-08-25 15:00:00+00:00,24,5895.2,6270.1,6301.1,6509.7,4393.3,5202.4,4914.2,6646.1,5526.345833333333,732.0161414109887,5772.702976190476,6576.2,4393.3,1521.5,3772.1,25.0,0.0,599.7,0.0,0.6,17.1,316.6,0.0,27.7,0.0,0.0,6280.3,0.2422654968711685,0.6046048755632693,0.0028183367036606,0.900100313679283,0.0954890689935194,16,0,8,2026,3,236,35,0,-0.8660254037844384,-0.5000000000000004,-0.8660254037844384,-0.5000000000000004,0.0,1.0,0,0,,,
LIVE_PT_h24_17,PT,Portugal,2026-08-24 16:00:00+00:00,2026-08-25 16:00:00+00:00,24,5972.0,6283.2,6270.1,6576.2,4505.2,5186.1,5182.0,6791.9,5571.379166666667,744.3617289061449,5770.542857142857,6576.2,4393.3,1516.1,3765.1,17.8,0.0,651.9,0.0,0.7,74.2,319.6,0.0,28.1,0.0,0.0,6373.500000000001,0.237875578567506,0.593535733898172,0.0117517847336628,0.8933082293873067,0.1022828900917862,17,0,8,2026,3,236,35,0,-0.9659258262890684,-0.2588190451025206,-0.8660254037844384,-0.5000000000000004,0.0,1.0,0,0,,,
LIVE_PT_h24_18,PT,Portugal,2026-08-24 17:00:00+00:00,2026-08-25 17:00:00+00:00,24,6238.2,6221.6,6283.2,6534.0,4827.0,5547.9,5577.9,7069.3,5614.525000000001,751.0392916543684,5767.148214285715,6576.2,4393.3,1331.8,3590.4,16.4,0.0,695.8,0.0,0.7,86.0,324.9,0.0,28.1,0.0,0.0,6074.099999999999,0.2192588202367429,0.5937999045126028,0.0142737195633921,0.8808218501506395,0.1145519500831399,18,0,8,2026,3,236,35,0,-1.0,-1.8369701987210294e-16,-0.8660254037844384,-0.5000000000000004,0.0,1.0,0,0,,,
LIVE_PT_h24_19,PT,Portugal,2026-08-24 18:00:00+00:00,2026-08-25 18:00:00+00:00,24,6678.3,6359.3,6221.6,6365.1,5159.0,5828.5,6025.7,7512.2,5648.333333333333,766.0230225094361,5762.922023809523,6576.2,4393.3,868.8,3329.2,7.4,0.0,654.4,0.0,19.9,171.2,322.9,0.0,27.8,0.0,188.8,5590.4,0.1554092730394962,0.5968445907269605,0.0341836004579278,0.8441971951917572,0.1170578133943903,19,0,8,2026,3,236,35,0,-0.9659258262890684,0.2588190451025203,-0.8660254037844384,-0.5000000000000004,0.0,1.0,0,0,,,
LIVE_PT_h24_20,PT,Portugal,2026-08-24 19:00:00+00:00,2026-08-25 19:00:00+00:00,24,6949.8,6759.8,6359.3,6301.1,5763.5,6050.3,6287.1,7695.1,5687.137500000001,798.448469281409,5758.443452380952,6759.8,4393.3,237.0,3120.4,4.2,0.0,679.2,0.0,89.9,688.4,324.9,0.0,25.9,0.0,1588.1,6758.0,0.0350695472033145,0.4623557265463154,0.115167209233501,0.660668836934004,0.1005031074282332,20,0,8,2026,3,236,35,0,-0.8660254037844386,0.5000000000000001,-0.8660254037844384,-0.5000000000000004,0.0,1.0,0,0,,,
LIVE_PT_h24_21,PT,Portugal,2026-08-24 20:00:00+00:00,2026-08-25 20:00:00+00:00,24,6667.0,6923.1,6759.8,6270.1,6193.2,5897.7,6100.6,7452.3,5723.504166666667,834.759390211994,5753.848214285715,6923.1,4393.3,2.4,2878.2,0.4,0.0,680.1,0.0,472.4,928.8,329.2,0.0,28.3,0.0,2750.6,8070.4,0.0002973830293417,0.3566861617763679,0.173622125297383,0.5713967089611419,0.0842709159397303,21,0,8,2026,3,236,35,0,-0.7071067811865477,0.7071067811865474,-0.8660254037844384,-0.5000000000000004,0.0,1.0,0,0,,,
LIVE_PT_h24_22,PT,Portugal,2026-08-24 21:00:00+00:00,2026-08-25 21:00:00+00:00,24,6193.0,6622.8,6923.1,6283.2,6509.7,5599.9,5706.6,6930.9,5753.716666666666,854.2328425408149,5748.910714285715,6923.1,4393.3,0.2,2590.3,1.0,0.0,680.8,0.0,369.9,517.3,331.8,0.0,27.8,0.0,2284.0,6803.1,2.9398362511208127e-05,0.380899883876468,0.1304111360997192,0.5601123017447928,0.1000720259881524,22,0,8,2026,3,236,35,0,-0.5000000000000004,0.8660254037844384,-0.8660254037844384,-0.5000000000000004,0.0,1.0,0,0,,,
LIVE_PT_h24_23,PT,Portugal,2026-08-24 22:00:00+00:00,2026-08-25 22:00:00+00:00,24,5721.0,6132.9,6622.8,6221.6,6576.2,5258.3,5328.4,6324.3,5775.924999999999,856.9840855150607,5744.160714285715,6923.1,4393.3,0.0,2219.9,1.2,0.0,688.7,0.0,285.8,275.7,331.2,0.0,29.5,0.0,1434.3,5266.3,0.0,0.4217572109450657,0.1066213470558076,0.5912690123995974,0.1307749273683611,23,0,8,2026,3,236,35,0,-0.2588190451025215,0.965925826289068,-0.8660254037844384,-0.5000000000000004,0.0,1.0,0,0,,,
LIVE_PT_h24_24,PT,Portugal,2026-08-24 23:00:00+00:00,2026-08-25 23:00:00+00:00,24,5352.4,5626.8,6132.9,6359.3,6534.0,4975.0,5003.6,5829.6,5791.279166666667,850.5840509955314,5740.008928571428,6923.1,4393.3,0.0,1795.1,0.8,0.0,600.4,0.0,199.3,67.6,329.8,0.0,29.3,0.0,1063.9,4086.2,0.0,0.4395036953648866,0.0653174098184131,0.5855317899270716,0.1469335813225001,0,1,8,2026,3,237,35,0,0.0,1.0,-0.8660254037844384,-0.5000000000000004,0.7818314824680298,0.6234898018587336,0,0,,,
LIVE_IE_h24_01,IE,Ireland,2026-08-24 00:00:00+00:00,2026-08-25 00:00:00+00:00,24,3379.522,3369.1955,3512.3615,3931.2555,3538.2765,3375.364,3416.794,3311.1445,3534.5143958333338,227.7404055232922,3801.8183095238096,3962.8875,3192.065,,363.263,,,1150.4575,0.0,,0.0,,211.3455,0.0,,0.0,1834.9384999999997,,0.19797012270438494,0.0,0.19797012270438494,0.8020298772956151,1,0,8,2026,3,236,35,0,0.25881904510252074,0.9659258262890683,-0.8660254037844384,-0.5000000000000004,0.0,1.0,0,0,109.8725,0.6269733290788766,0.05987802860967821
LIVE_IE_h24_02,IE,Ireland,2026-08-24 01:00:00+00:00,2026-08-25 01:00:00+00:00,24,3418.1710000000003,3250.726,3369.1955,3945.85,3419.312,3375.2215,3413.08,3319.769,3529.3211458333335,232.8902196972215,3801.458675595238,3962.8875,3192.065,,378.1555,,,992.4365,0.0,,0.0,,285.8135,0.0,,0.0,1764.951,,0.21425835618099312,0.0,0.21425835618099312,0.7857416438190068,2,0,8,2026,3,236,35,0,0.49999999999999994,0.8660254037844387,-0.8660254037844384,-0.5000000000000004,0.0,1.0,0,0,108.5455,0.56230257950504,0.061500574236905164
LIVE_IE_h24_03,IE,Ireland,2026-08-24 02:00:00+00:00,2026-08-25 02:00:00+00:00,24,3426.116,3255.1490000000003,3250.726,3962.8875,3373.795,3328.45,3386.867,3307.5445,3524.3181250000002,237.58692609599873,3801.0740327380954,3962.8875,3192.065,,381.3825,,,998.4,0.0,,0.0,,266.5235,0.0,,0.0,1754.9565,,0.21731735231044189,0.0,0.21731735231044189,0.782682647689558,3,0,8,2026,3,236,35,0,0.7071067811865475,0.7071067811865476,-0.8660254037844384,-0.5000000000000004,0.0,1.0,0,0,108.6505,0.5689029899031686,0.06191065134662881
LIVE_IE_h24_04,IE,Ireland,2026-08-24 03:00:00+00:00,2026-08-25 03:00:00+00:00,24,3334.26,3229.9325,3255.1490000000003,3740.672,3443.8355,3328.45,3297.572,3239.0715,3520.213229166667,241.92954068870623,3800.6120565476194,3962.8875,3192.065,,362.1185,,,1006.4625,0.0,,0.0,,252.93,0.0,,0.0,1731.663,,0.20911603470190215,0.0,0.20911603470190215,0.7908839652980978,4,0,8,2026,3,236,35,0,0.8660254037844386,0.5000000000000001,-0.8660254037844384,-0.5000000000000004,0.0,1.0,0,0,110.152,0.5812115290330739,0.06361052930044703
LIVE_IE_h24_05,IE,Ireland,2026-08-24 04:00:00+00:00,2026-08-25 04:00:00+00:00,24,3296.0045,3168.8375,3229.9325,3512.3615,3602.174,3192.065,3276.4165,3265.0565,3513.562708333333,249.50542573702995,3800.19399702381,3962.8875,3168.8375,,391.232,,,1005.048,0.0,,0.0,,245.8935,0.0,,0.0,1751.7295,,0.22334041871190732,0.0,0.22334041871190732,0.7766595812880928,5,0,8,2026,3,236,35,0,0.9659258262890683,0.25881904510252074,-0.8660254037844384,-0.5000000000000004,0.0,1.0,0,0,109.556,0.5737461177653285,0.06254161958224715
LIVE_IE_h24_06,IE,Ireland,2026-08-24 05:00:00+00:00,2026-08-25 05:00:00+00:00,24,3456.1485,3201.8895,3168.8375,3369.1955,3790.771,3201.9075000000003,3318.663,3432.11,3513.9720625000004,248.96249171749082,3799.81800297619,3962.8875,3168.8375,,406.915,,,1003.082,0.0,,0.0,,257.2975,0.0,,0.0,1776.5,,0.2290543202927104,0.0,0.2290543202927104,0.7709456797072897,6,0,8,2026,3,236,35,0,1.0,6.123233995736766e-17,-0.8660254037844384,-0.5000000000000004,0.0,1.0,0,0,109.2055,0.5646394596115958,0.06147227694905714
LIVE_IE_h24_07,IE,Ireland,2026-08-24 06:00:00+00:00,2026-08-25 06:00:00+00:00,24,3828.247,3399.3155,3201.8895,3250.726,3931.2555,3290.92,3471.7195,3790.9545,3522.1973958333333,241.34870155238514,3799.6227976190476,3962.8875,3168.8375,,374.7615,,,997.674,0.0,,0.0,,225.0955,5.254,,0.0,1711.26,,0.2189974054205673,0.0,0.2189974054205673,0.7779323422507392,7,0,8,2026,3,236,35,0,0.9659258262890683,-0.25881904510252063,-0.8660254037844384,-0.5000000000000004,0.0,1.0,0,0,108.475,0.5830055047158235,0.06338896485630471
LIVE_IE_h24_08,IE,Ireland,2026-08-24 07:00:00+00:00,2026-08-25 07:00:00+00:00,24,4164.749,3758.4935,3399.3155,3255.1490000000003,3945.85,3466.692,3670.768,4135.044,3541.679625,240.73878528081985,3799.429577380952,3962.8875,3168.8375,,416.958,,,978.226,0.0,,0.0,,233.975,11.197,,9.482,1759.0115,,0.2370410881338752,0.0,0.2370410881338752,0.7512028772978461,8,0,8,2026,3,236,35,0,0.8660254037844387,-0.4999999999999998,-0.8660254037844384,-0.5000000000000004,0.0,1.0,0,0,109.1735,0.5561225722515174,0.06206525653754964
LIVE_IE_h24_09,IE,Ireland,2026-08-24 08:00:00+00:00,2026-08-25 08:00:00+00:00,24,4164.749,4008.705,3758.4935,3229.9325,3962.8875,3626.932,3823.5565,4295.2425,3564.2634999999996,258.18914082640055,3798.67755952381,4008.705,3168.8375,,392.046,,,1002.2885,0.0,,0.0,,225.4305,5.746,,69.1035,1803.891,,0.21733353068450365,0.0,0.21733353068450365,0.7411731085747421,9,0,8,2026,3,236,35,0,0.7071067811865476,-0.7071067811865475,-0.8660254037844384,-0.5000000000000004,0.0,1.0,0,0,109.2765,0.5556258665296295,0.06057821675478174
LIVE_IE_h24_10,IE,Ireland,2026-08-24 09:00:00+00:00,2026-08-25 09:00:00+00:00,24,4243.5245,4101.322,4008.705,3168.8375,3740.672,3692.7955,3842.9655,4259.347,3584.0297499999997,280.39918178321534,3797.523270833333,4101.322,3168.8375,,317.63199999999995,,,965.941,0.0,,0.0,,173.0895,0.0,,42.4785,1605.3795,,0.19785477514818145,0.0,0.19785477514818145,0.7756851261648725,10,0,8,2026,3,236,35,0,0.49999999999999994,-0.8660254037844387,-0.8660254037844384,-0.5000000000000004,0.0,1.0,0,0,106.2385,0.6016901299661545,0.06617656448210532
LIVE_IE_h24_11,IE,Ireland,2026-08-24 10:00:00+00:00,2026-08-25 10:00:00+00:00,24,4179.1655,3935.956,4101.322,3201.8895,3512.3615,3695.3445,3803.1135,4259.347,3594.1614375000004,288.76826855032266,3795.598324404762,4101.322,3168.8375,,277.559,,,812.9565,0.0,,0.0,,172.252,0.0,,0.0,1372.5330000000001,,0.20222391738486434,0.0,0.20222391738486434,0.7977760826151356,11,0,8,2026,3,236,35,0,0.258819045102521,-0.9659258262890682,-0.8660254037844384,-0.5000000000000004,0.0,1.0,0,0,109.7655,0.5923037916028248,0.07997294054132031
LIVE_IE_h24_12,IE,Ireland,2026-08-24 11:00:00+00:00,2026-08-25 11:00:00+00:00,24,4168.578,3824.772,3935.956,3399.3155,3369.1955,3623.8175,3739.161,4118.2525000000005,3599.5542499999997,291.9312633775229,3793.0115684523807,4101.322,3168.8375,,302.6835,,,861.7925,0.0,,0.0,,163.8635,0.0,,0.0,1437.024,,0.2106321815084508,0.0,0.2106321815084508,0.7893678184915492,12,0,8,2026,3,236,35,0,1.2246467991473532e-16,-1.0,-0.8660254037844384,-0.5000000000000004,0.0,1.0,0,0,108.6845,0.5997064071302916,0.07563165263767342
LIVE_IE_h24_13,IE,Ireland,2026-08-24 12:00:00+00:00,2026-08-25 12:00:00+00:00,24,4207.679,3757.1655,3824.772,3758.4935,3250.726,3538.2765,3644.546,4046.582,3605.1104166666664,293.6768806661096,3790.8622410714283,4101.322,3168.8375,,466.1815,,,686.0575,0.0,,0.0,,167.2145,0.0,,0.0,1419.796,,0.32834400153261456,0.0,0.32834400153261456,0.6716559984673853,13,0,8,2026,3,236,35,0,-0.2588190451025208,-0.9659258262890683,-0.8660254037844384,-0.5000000000000004,0.0,1.0,0,0,100.3425,0.4832085031934165,0.07067388554412042
LIVE_IE_h24_14,IE,Ireland,2026-08-24 13:00:00+00:00,2026-08-25 13:00:00+00:00,24,4215.1255,3751.353,3757.1655,4008.705,3255.1490000000003,3419.312,3521.154,4007.676,3613.988604166667,294.7872425940749,3789.1049255952375,4101.322,3168.8375,,620.575,,,550.4355,0.0,,0.0,,167.382,0.0,,0.0,1438.036,,0.43154343841183396,0.0,0.43154343841183396,0.5684565615881662,14,0,8,2026,3,236,35,0,-0.4999999999999997,-0.8660254037844388,-0.8660254037844384,-0.5000000000000004,0.0,1.0,0,0,99.6435,0.3827689292896701,0.0692913807442929
LIVE_IE_h24_15,IE,Ireland,2026-08-24 14:00:00+00:00,2026-08-25 14:00:00+00:00,24,4316.0225,3734.458,3751.353,4101.322,3229.9325,3373.795,3502.4700000000003,4120.189,3627.1196875,292.75042121882814,3787.47862797619,4101.322,3168.8375,,681.676,,,484.951,0.0,,0.0,,163.8635,0.0,,0.0,1430.134,,0.4766518382193557,0.0,0.4766518382193557,0.5233481617806442,15,0,8,2026,3,236,35,0,-0.7071067811865471,-0.7071067811865479,-0.8660254037844384,-0.5000000000000004,0.0,1.0,0,0,99.6435,0.33909479810982746,0.06967424031594242
LIVE_IE_h24_16,IE,Ireland,2026-08-24 15:00:00+00:00,2026-08-25 15:00:00+00:00,24,4470.0025000000005,3759.8685,3734.458,3935.956,3168.8375,3443.8355,3570.4945,4230.0665,3643.206083333333,288.80585690713303,3785.3338630952376,4101.322,3168.8375,,647.0115,,,434.2135,0.0,,3.943,,170.733,0.0,,0.0,1356.6280000000002,,0.47692624654658455,0.0029064710443835744,0.47983271759096807,0.5201672824090318,16,0,8,2026,3,236,35,0,-0.8660254037844384,-0.5000000000000004,-0.8660254037844384,-0.5000000000000004,0.0,1.0,0,0,100.727,0.3200682132463726,0.07424806210692983
LIVE_IE_h24_17,IE,Ireland,2026-08-24 16:00:00+00:00,2026-08-25 16:00:00+00:00,24,4639.613,3889.528,3759.8685,3824.772,3201.8895,3602.174,3746.3355,4382.9895,3661.776604166667,289.75642273738447,3783.3068482142858,4101.322,3168.8375,,644.0775,,,563.178,0.0,,3.979,,171.582,0.0,,5.1245,1473.6545,,0.4370614007557402,0.002700090150031775,0.439761490905772,0.5567610997014564,17,0,8,2026,3,236,35,0,-0.9659258262890683,-0.25881904510252063,-0.8660254037844384,-0.5000000000000004,0.0,1.0,0,0,85.7135,0.3821642047033412,0.05816390476872292
LIVE_IE_h24_18,IE,Ireland,2026-08-24 17:00:00+00:00,2026-08-25 17:00:00+00:00,24,4670.7585,4173.7265,3889.528,3757.1655,3399.3155,3790.771,3746.3355,4429.1075,3685.591291666666,307.5839175099024,3782.0612351190475,4173.7265,3168.8375,,628.549,,,746.6275,0.0,,0.0,,280.6085,0.0,,16.8765,1742.6970000000001,,0.3606760096562971,0.0,0.3606760096562971,0.6296398628103451,18,0,8,2026,3,236,35,0,-1.0,-1.8369701987210297e-16,-0.8660254037844384,-0.5000000000000004,0.0,1.0,0,0,70.03550000000001,0.4284321944663932,0.040187995962579846
LIVE_IE_h24_19,IE,Ireland,2026-08-24 18:00:00+00:00,2026-08-25 18:00:00+00:00,24,4594.443499999999,4173.7265,4173.7265,3751.353,3758.4935,3931.2555,3971.7995,4429.1075,3701.5477708333333,322.8328086782501,3780.541110119048,4173.7265,3168.8375,,476.917,,,759.187,0.0,,0.0,,379.247,0.0,,43.059,1727.1550000000002,,0.2761286624535724,0.0,0.2761286624535724,0.6989407435927869,19,0,8,2026,3,236,35,0,-0.9659258262890684,0.2588190451025203,-0.8660254037844384,-0.5000000000000004,0.0,1.0,0,0,68.745,0.439559275224285,0.03980244969328173
LIVE_IE_h24_20,IE,Ireland,2026-08-24 19:00:00+00:00,2026-08-25 19:00:00+00:00,24,4517.755,4365.4205,4173.7265,3734.458,4008.705,3945.85,3987.107,4295.6365000000005,3719.6379791666673,347.48729965219854,3780.1620208333334,4365.4205,3168.8375,,417.55550000000005,,,791.5455,0.0,,0.0,,390.998,0.0,,102.6075,1772.2525,,0.23560722865393055,0.0,0.23560722865393055,0.7064961115868084,20,0,8,2026,3,236,35,0,-0.8660254037844386,0.5000000000000001,-0.8660254037844384,-0.5000000000000004,0.0,1.0,0,0,69.54599999999999,0.4466324634892601,0.0392415866249307
LIVE_IE_h24_21,IE,Ireland,2026-08-24 20:00:00+00:00,2026-08-25 20:00:00+00:00,24,4402.2155,4324.54,4365.4205,3759.8685,4101.322,3962.8875,3981.5215,4242.4095,3735.4167291666668,366.2946105938032,3780.3340654761905,4365.4205,3168.8375,,475.013,,,808.9065,0.0,,0.0,,388.473,0.0,,231.012,1972.641,,0.24080053086192568,0.0,0.24080053086192568,0.6420914905449091,21,0,8,2026,3,236,35,0,-0.7071067811865477,0.7071067811865474,-0.8660254037844384,-0.5000000000000004,0.0,1.0,0,0,69.2365,0.4100627027421614,0.03509837826548267
LIVE_IE_h24_22,IE,Ireland,2026-08-24 21:00:00+00:00,2026-08-25 21:00:00+00:00,24,4062.6015,4324.54,4324.54,3889.528,3935.956,3740.672,3774.204,4003.5125,3750.485583333333,383.11217837961846,3780.8229375,4365.4205,3168.8375,,528.425,,,789.26,0.0,,0.0,,380.42,0.0,,244.3065,2010.1075,,0.2628839502364923,0.0,0.2628839502364923,0.6155770275967827,22,0,8,2026,3,236,35,0,-0.5000000000000004,0.8660254037844384,-0.8660254037844384,-0.5000000000000004,0.0,1.0,0,0,67.696,0.3926456669605979,0.03367780081413556
LIVE_IE_h24_23,IE,Ireland,2026-08-24 22:00:00+00:00,2026-08-25 22:00:00+00:00,24,3785.5645,3982.585,4324.54,4173.7265,3824.772,3512.3615,3590.186,3729.636,3760.5652916666663,386.0141396622322,3780.698369047619,4365.4205,3168.8375,,626.2094999999999,,,782.6669999999999,0.0,,0.0,,336.29999999999995,0.0,,48.08,1860.1509999999998,,0.3366444444563909,0.0,0.3366444444563909,0.6375081915392891,23,0,8,2026,3,236,35,0,-0.25881904510252157,0.9659258262890681,-0.8660254037844384,-0.5000000000000004,0.0,1.0,0,0,66.8945,0.42075455164661363,0.03596186546145985
LIVE_IE_h24_24,IE,Ireland,2026-08-24 23:00:00+00:00,2026-08-25 23:00:00+00:00,24,3594.1235,3683.8355,3982.585,4173.7265,3757.1655,3369.1955,3481.3125,3577.0255,3767.7100416666667,382.7938637184218,3780.4257470238094,4365.4205,3168.8375,,714.74,,,797.6505,0.0,,0.0,,184.3265,0.0,,0.0,1764.167,,0.40514305051619265,0.0,0.40514305051619265,0.5948569494838073,0,1,8,2026,3,237,35,0,0.0,1.0,-0.8660254037844384,-0.5000000000000004,0.7818314824680298,0.6234898018587336,0,0,67.45,0.452140018490313,0.0382333418548244
