case_id,model_name,model_id,provider,response,response_len,status,error
LIVE_DE_h24_01,gemma_2_2b,google/gemma-2-2b-it,featherless-ai,"The predicted demand of 38996.6 MW is likely influenced by the high solar generation share (0.5331) and the relatively low fossil fuel share (0.1874) in the past 1 hour.  The rolling average of demand (39243.7600 MW) suggests a trend of increasing demand, potentially due to the weekend (is_weekend=0) and the high solar generation.  The high solar generation, combined with the low fossil fuel generation, suggests a reliance on renewable sources.  The combination of these factors likely contributes to the predicted demand.",526,ok,
LIVE_DE_h24_02,gemma_2_2b,google/gemma-2-2b-it,featherless-ai,"The predicted demand of 38648.4 MW is likely influenced by the recent high generation from wind and solar sources. The high wind and solar generation shares, particularly the wind share at 0.5212, suggest a strong reliance on renewable energy sources.  The rolling mean of 24h demand at 39306.2905 MW indicates a relatively high average demand over the past 24 hours. The combination of high renewable generation and average demand suggests a potentially volatile demand pattern.",479,ok,
LIVE_DE_h24_03,gemma_2_2b,google/gemma-2-2b-it,featherless-ai,"The predicted demand of 39071.8 MW is likely influenced by the recent high generation of wind power, as evidenced by the high wind generation 1 hour ago (7684.0106 MW).  The relatively low solar generation (0.0000 MW) and the consistent low fossil fuel generation (0.0000 MW) suggest a reliance on wind power for the forecast period.  The rolling mean of 24 hours (39399.1809 MW) and the rolling max of 24 hours (44230.3100 MW) indicate a generally high demand, possibly due to a combination of factors like weather patterns and seasonal trends.  The weekend and holiday flags are not relevant to the forecast, as the forecast origin is a weekday.",647,ok,
LIVE_DE_h24_04,gemma_2_2b,google/gemma-2-2b-it,featherless-ai,"The predicted demand of 43410.2 MW is likely influenced by the recent high generation from wind and solar sources, as indicated by the high values of wind_onshore_mw_lag1h and solar_mw_lag1h.  The relatively low values of fossil fuel generation (coal, gas, oil) suggest a reliance on renewable sources.  The rolling mean and standard deviation of demand also point to a relatively stable demand pattern, with a slight upward trend.  The weekend and holiday flags are not relevant to the forecast as they are not active.",519,ok,
LIVE_DE_h24_05,gemma_2_2b,google/gemma-2-2b-it,featherless-ai,"The predicted demand of 50986 MW is likely influenced by the recent high solar generation, as indicated by the high solar share (0.4341) and the relatively low fossil fuel share (0.2231).  The high wind generation (6810 MW) also contributes to the predicted demand, as it is a significant source of electricity.  The rolling average demand (39771 MW) suggests a consistent demand pattern, with a slight dip in the past 24 hours.  The combination of these factors, particularly the high solar and wind generation, likely drives the predicted demand.",548,ok,
LIVE_DE_h24_06,gemma_2_2b,google/gemma-2-2b-it,featherless-ai,"The predicted demand of 55117.6 MW is likely influenced by the recent high solar generation, as indicated by the high solar share (0.0263) and the relatively low fossil fuel share (0.2005).  The rolling mean of 40248.0524 MW suggests a consistent demand level in the past 24 hours, which is further supported by the low minimum demand (35579.5008 MW) and standard deviation (2995.6004 MW).  The weekend flag (0) and the hour of day (7) suggest that the demand is likely higher during the evening hours.  Finally, the high wind generation (6661.6540 MW) and the relatively low nuclear generation (0.0000 MW) contribute to the overall demand.",640,ok,
LIVE_DE_h24_07,gemma_2_2b,google/gemma-2-2b-it,featherless-ai,"The predicted demand of 56772.2 MW is likely influenced by the recent high solar generation, as indicated by the high solar share (0.2258) and the relatively high solar generation 1 hour ago (6374.5020 MW).  The high solar generation suggests a potential for increased electricity demand during the day, as solar power is typically generated during daylight hours. The relatively low wind and fossil fuel generation, along with the high renewable share (0.6418), further supports the idea of a higher demand driven by solar power.  Finally, the rolling mean and standard deviation of demand over the past 24 hours suggest a relatively stable demand pattern, with a slight upward trend.",685,ok,
LIVE_DE_h24_08,gemma_2_2b,google/gemma-2-2b-it,featherless-ai,"The predicted demand of 57894.1 MW is likely influenced by the recent high solar generation, as indicated by the high solar share (0.5098) and the relatively low fossil fuel share (0.1258).  The rolling mean of 24 hours (41453.7796 MW) suggests a consistent demand level, while the rolling maximum of 24 hours (54474.4852 MW) indicates a potential peak demand. The combination of high solar generation and consistent demand suggests a potential for a high demand in the next 24 hours.",484,ok,
LIVE_DE_h24_09,gemma_2_2b,google/gemma-2-2b-it,featherless-ai,"The predicted demand of 58626.4 MW is likely influenced by the high solar generation in the past 1 hour, as indicated by the solar_mw_lag1h feature.  The relatively low wind generation, with wind_offshore_mw_lag1h being particularly low, suggests a reliance on solar power.  The high renewable share, at 89.54%, points to a significant contribution from solar and wind power.  The combination of these factors, particularly the high solar generation, likely drives the predicted demand.",486,ok,
LIVE_DE_h24_10,gemma_2_2b,google/gemma-2-2b-it,featherless-ai,"The predicted demand of 58585.8 MW is likely influenced by the recent high solar generation, as indicated by the high solar share (0.7692) and the strong solar generation in the previous hour (38593.3310 MW).  The relatively low fossil fuel share (0.0517) suggests a reliance on renewable sources, which is further supported by the high renewable share (0.9280).  The average demand over the past 24 hours (42430.4321 MW) is also a contributing factor, as it suggests a consistent demand pattern.  Finally, the weekend flag (0) indicates that the forecast is for a weekday, which could influence demand patterns.",612,ok,
LIVE_DE_h24_11,gemma_2_2b,google/gemma-2-2b-it,featherless-ai,"The predicted demand of 58247.6 MW is likely influenced by the recent high solar generation, as indicated by the high solar share (0.7870) and the relatively low fossil fuel share (0.0458).  The rolling average of demand over the past 24 hours (42865.4576 MW) is also a significant factor, suggesting a relatively stable demand pattern.  The high wind generation (2650.4253 MW) and the low nuclear generation (0.0000 MW) further contribute to the predicted demand.  Overall, the forecast suggests a demand influenced by renewable energy sources and a relatively stable demand pattern.",584,ok,
LIVE_DE_h24_12,gemma_2_2b,google/gemma-2-2b-it,featherless-ai,"The predicted demand of 57066.8 MW is likely influenced by the high solar generation in the past 1 hour, as indicated by the high solar share (0.8031).  The relatively low wind and fossil fuel generation (wind_share: 0.0506, fossil_share: 0.0408) further supports this, suggesting a reliance on solar power.  The rolling mean of 24 hours (43320.2878 MW) and the rolling max of 24 hours (55496.7927 MW) also suggest a relatively high demand, potentially due to a combination of solar and other renewable sources.  Finally, the day of the week (0) and the month (8) are not significant factors in this prediction.",611,ok,
LIVE_DE_h24_13,gemma_2_2b,google/gemma-2-2b-it,featherless-ai,"The predicted demand of 55898.1 MW is likely influenced by the high solar generation in the past 1 hour, as indicated by the high solar share (0.8047).  The relatively low wind and fossil fuel generation further supports this, as the wind share is low (0.0490) and fossil fuel share is even lower (0.0408).  The rolling mean of 24 hours (43806.2627 MW) suggests a consistent demand pattern, but the high solar generation in the past hour may have temporarily boosted the demand.  Overall, the forecast appears to be influenced by the current solar generation and its impact on the overall demand.",596,ok,
LIVE_DE_h24_14,gemma_2_2b,google/gemma-2-2b-it,featherless-ai,"The predicted demand of 55365.3 MW is likely influenced by the high solar generation in the past 12 hours, as reflected by the high solar share (0.7917).  The relatively low wind generation (0.0542) suggests a less reliance on wind power compared to solar.  The average demand over the past 24 hours (44280.1444 MW) is also a significant factor, indicating a general trend of moderate demand.  Finally, the presence of a weekend (is_weekend=0) and the specific hour of the day (hour=15) could contribute to the predicted demand.",528,ok,
LIVE_DE_h24_15,gemma_2_2b,google/gemma-2-2b-it,featherless-ai,"The predicted demand of 55653.1 MW is likely influenced by the recent high solar generation, as indicated by the high solar share (0.7642) and the relatively high total generation (51492.6999 MW).  The rolling mean of 24 hours (44782.6612 MW) suggests a consistent demand trend, but the high solar share suggests a potential for fluctuations. The weekend and holiday flags are not relevant to the forecast, as the forecast origin is a weekday.  The combination of high solar generation and consistent demand suggests a potentially high demand for electricity.",559,ok,
LIVE_DE_h24_16,gemma_2_2b,google/gemma-2-2b-it,featherless-ai,"The predicted demand of 55556.5 MW is likely influenced by the high solar generation in the past 1 hour, as solar power output is a significant contributor to the overall demand. The relatively low wind generation and the absence of significant fossil fuel generation suggest a reliance on renewable sources. The rolling mean and standard deviation of demand, along with the weekend and holiday flags, indicate a typical weekday pattern with a slight dip on weekends.  The combination of these factors suggests a relatively stable demand pattern with a slight upward trend.",573,ok,
LIVE_DE_h24_17,gemma_2_2b,google/gemma-2-2b-it,featherless-ai,"The predicted demand of 56066.1 MW is likely influenced by the recent high solar generation, as indicated by the high solar share (0.5726) and the relatively low fossil fuel share (0.1001).  The high solar share suggests that solar power generation is likely contributing significantly to the overall demand.  The rolling mean of 24 hours (45848.4312 MW) also suggests a relatively stable demand pattern, with a slight upward trend.  Finally, the combination of high solar generation and stable demand suggests a potentially sunny day with moderate demand.",556,ok,
LIVE_DE_h24_18,gemma_2_2b,google/gemma-2-2b-it,featherless-ai,"The predicted demand of 54704.5 MW is likely influenced by the high solar generation in the past 1 hour, as solar power is a significant contributor to the overall electricity mix. The relatively low wind generation and the absence of significant fossil fuel generation further support this interpretation. The high rolling mean and standard deviation of demand suggest a volatile electricity demand pattern, potentially influenced by seasonal factors. The weekend and holiday flags are not present, indicating a weekday forecast.",530,ok,
LIVE_DE_h24_19,gemma_2_2b,google/gemma-2-2b-it,featherless-ai,"The predicted demand of 53628.9 MW is likely influenced by the recent high solar generation, as indicated by the high solar share (0.1006) and the relatively low fossil fuel share (0.2098).  The high wind generation (6435.4223 MW) also contributes to the overall demand, as does the relatively low nuclear generation (0.0000 MW).  The rolling mean of 46889.2905 MW suggests a consistent demand pattern, but the weekend and holiday features might have a slight impact on the demand.",481,ok,
LIVE_DE_h24_20,gemma_2_2b,google/gemma-2-2b-it,featherless-ai,"The predicted demand of 50879.9 MW is likely influenced by the high solar generation in the past 12 hours, as reflected by the solar_mw_lag1h feature.  The relatively low fossil fuel generation (fossil_share) suggests a reliance on renewable sources, which are generally associated with lower demand.  The rolling mean of 24 hours (47367.0205 MW) indicates a consistent demand level, while the rolling max (55496.7927 MW) suggests a potential peak demand in the past 24 hours.  Finally, the weekend flag (is_weekend=0) suggests that the demand is not significantly impacted by the weekend.",589,ok,
LIVE_DE_h24_21,gemma_2_2b,google/gemma-2-2b-it,featherless-ai,"The predicted demand of 47816.9 MW is likely influenced by the recent high solar generation, as indicated by the high solar share (0.0000) and the relatively low total generation (27338.1943 MW). The high solar share suggests a potential for a significant contribution from solar power, which could be driving the demand.  The relatively low wind generation (10398.8189 MW) compared to the previous day's high wind generation (421.6877 MW) could also be contributing to the demand.  Finally, the relatively low demand for fossil fuels (0.2168) compared to the previous day's high demand (5589.3909 MW) could also be contributing to the demand.",643,ok,
LIVE_DE_h24_22,gemma_2_2b,google/gemma-2-2b-it,featherless-ai,"The predicted demand of 45712.9 MW is likely influenced by the recent high demand levels, as evidenced by the high values of lag_24h, lag_48h, and lag_168h. The rolling mean of 24h also suggests a sustained high demand trend.  The weekend and holiday flags are not relevant as the forecast origin is on a weekday. The solar, wind, and hydro generation levels are not significantly impacting the demand, as the fossil fuel share is relatively high.",447,ok,
LIVE_DE_h24_23,gemma_2_2b,google/gemma-2-2b-it,featherless-ai,"The predicted demand of 42895.1 MW is likely influenced by the recent high solar generation, as indicated by the high solar share (0.5747) and the relatively low fossil fuel share (0.1931).  The rolling mean of 24h demand (48413.0538 MW) is also a significant factor, suggesting a consistent high demand trend.  The high wind generation (15202.5508 MW) and the relatively low nuclear generation (0.0000 MW) further contribute to the predicted demand.  The combination of these factors suggests a period of high electricity demand driven by renewable sources.",558,ok,
LIVE_DE_h24_24,gemma_2_2b,google/gemma-2-2b-it,featherless-ai,"The predicted demand of 42071.0 MW is likely influenced by the recent high demand levels, as evidenced by the high values of lag_24h and lag_48h.  The rolling average demand over the past 24 hours (rolling_mean_24h) is also high, suggesting a sustained period of elevated demand.  The high solar and wind generation shares (solar_share and wind_share) in the past hour, combined with the relatively low fossil fuel share (fossil_share), indicate a reliance on renewable energy sources.  This combination of factors suggests a period of high electricity demand driven by renewable energy sources.",595,ok,
LIVE_FR_h24_01,gemma_2_2b,google/gemma-2-2b-it,featherless-ai,"The predicted demand of 35998.1 MW is likely influenced by the high solar generation share (0.2126) and the relatively low fossil fuel share (0.0095) observed in the past 1 hour.  The rolling mean of 24h (36074.0526 MW) and the rolling max of 24h (41176.9450 MW) suggest a period of high demand, possibly due to a combination of high solar generation and low fossil fuel generation. The weekend flag (0) indicates that the forecast is not for a weekend, which could contribute to the high demand.  Overall, the forecast suggests a period of high demand driven by a mix of renewable energy sources.",597,ok,
LIVE_FR_h24_02,gemma_2_2b,google/gemma-2-2b-it,featherless-ai,"The predicted demand of 34784.5 MW is likely influenced by the recent high generation from nuclear power and the relatively low solar generation. The high nuclear generation, combined with the relatively low solar generation, suggests a reliance on traditional energy sources. The consistent high demand over the past 24 hours, as indicated by the rolling mean and peak demand, suggests a strong demand pattern.  The weekend and holiday flags are not relevant to the forecast, as the forecast origin is a weekday.",513,ok,
LIVE_FR_h24_03,gemma_2_2b,google/gemma-2-2b-it,featherless-ai,"The predicted demand of 34507.9 MW is likely influenced by the high solar generation share (0.1988) and the relatively low fossil fuel share (0.0062) observed in the past 1 hour.  The rolling mean of 24 hours (36150.4819 MW) suggests a consistent demand trend, potentially indicating a period of moderate energy consumption.  The high wind generation (8593.2050 MW) in the past hour could also contribute to the predicted demand.  However, the lack of historical data beyond the 24-hour window makes it difficult to definitively assess the long-term impact of these factors.",574,ok,
LIVE_FR_h24_04,gemma_2_2b,google/gemma-2-2b-it,featherless-ai,"The predicted demand of 35116.3 MW is likely influenced by the recent high generation from nuclear power, as indicated by the high value of nuclear generation lag 1 hour (38373.0650 MW).  The relatively low solar generation (0.0000 MW) and the absence of significant wind generation (7883.2975 MW) suggest a reliance on nuclear power for the forecast period.  The relatively high rolling mean of 36235.5326 MW over the past 24 hours indicates a consistent demand level, possibly influenced by the high nuclear generation.  Finally, the weekend flag is set to 0, indicating a weekday forecast.",592,ok,
LIVE_FR_h24_05,gemma_2_2b,google/gemma-2-2b-it,featherless-ai,"The predicted demand of 37137 MW is likely influenced by the recent high generation from nuclear power and the relatively low generation from solar power. The high nuclear generation, combined with the low solar generation, suggests a reliance on traditional energy sources. The relatively stable rolling mean and standard deviation of demand over the past 24 hours, coupled with the low weekend and holiday flags, indicate a relatively predictable demand pattern.  The combination of these factors likely contributes to the predicted demand.",542,ok,
LIVE_FR_h24_06,gemma_2_2b,google/gemma-2-2b-it,featherless-ai,"The predicted demand of 40974.6 MW is likely influenced by the high solar generation in the past 12 hours, as indicated by the high solar share (0.0046) and the relatively high solar generation in the previous hour (238.7050 MW).  The rolling mean of 24 hours (36629.9996 MW) suggests a consistent demand trend, but the high demand in the past 12 hours (41176.9450 MW) may indicate a peak demand period.  The relatively low fossil fuel share (0.0060) and the presence of a high wind share (0.1768) suggest a reliance on renewable energy sources.  Finally, the weekend flag (0) indicates that the demand is likely influenced by the weekend pattern.",647,ok,
LIVE_FR_h24_07,gemma_2_2b,google/gemma-2-2b-it,featherless-ai,"The predicted demand of 43337.2 MW is likely influenced by the recent high solar generation, which is reflected in the high solar share (0.0126) and the relatively low fossil fuel share (0.0116).  The rolling mean of 24h demand (36969.8478 MW) is also a contributing factor, suggesting a consistent demand level.  The high wind generation (7746.5625 MW) and the relatively low coal generation (0.0000 MW) further support the idea of a high demand driven by renewable sources.  Finally, the combination of these factors, particularly the high solar and wind generation, likely contributed to the predicted demand.",612,ok,
LIVE_FR_h24_08,gemma_2_2b,google/gemma-2-2b-it,featherless-ai,"The predicted demand of 44758.5 MW is likely influenced by the recent high solar generation, as indicated by the high solar share (0.0515) and the relatively low fossil fuel share (0.0124).  The high solar share suggests a potential for increased renewable energy contribution to the overall demand. The rolling mean of 24 hours (37392.3398 MW) and the rolling max of 24 hours (42668.3425 MW) also point to a period of high demand, potentially driven by the high solar generation.  The combination of these factors suggests a high demand for electricity, likely influenced by the recent high solar generation.",609,ok,
LIVE_FR_h24_09,gemma_2_2b,google/gemma-2-2b-it,featherless-ai,"The predicted demand of 46410.5 MW is likely influenced by the recent high solar generation, as indicated by the high solar share (0.1106) and the relatively low fossil fuel share (0.0106). The high solar generation, coupled with the relatively low demand in the past 24 hours (rolling_mean_24h: 37847.3842 MW), suggests a potential for a higher demand in the coming hours. The weekend (is_weekend: 0) and the time of day (hour: 10) also contribute to the predicted demand, as they are associated with higher electricity consumption during the weekend and evening hours.",570,ok,
LIVE_FR_h24_10,gemma_2_2b,google/gemma-2-2b-it,featherless-ai,"The predicted demand of 46876.7 MW is likely influenced by the recent high solar generation, as indicated by the high solar share (0.1749) and the relatively high solar generation 1 hour ago (10488.45 MW).  The rolling mean of 24 hours (38289.2514 MW) suggests a consistent demand level, but the high solar generation could be pushing demand higher.  The weekend is not a holiday, so the weekend flag is 0.  The hour of day (11) and the day of week (0) are not particularly relevant to the demand.",497,ok,
LIVE_FR_h24_11,gemma_2_2b,google/gemma-2-2b-it,featherless-ai,"The predicted demand of 48828.7 MW is likely influenced by the recent high solar generation, as indicated by the high solar share (0.2168) and the relatively low fossil fuel share (0.0089).  The high solar generation, combined with the relatively low demand in the past 24 hours (rolling_mean_24h: 38749.3894 MW), suggests a potential for a peak demand driven by solar power.  The high wind and nuclear generation, along with the relatively low gas generation, further contribute to the predicted demand.  The combination of these factors suggests a potentially high demand for electricity.",590,ok,
LIVE_FR_h24_12,gemma_2_2b,google/gemma-2-2b-it,featherless-ai,"The predicted demand of 48456.2 MW is likely influenced by the high solar generation in the past 1 hour, as solar power is a significant contributor to the overall demand. The relatively low wind and nuclear generation in the past 1 hour also contribute to the predicted demand. The forecast also considers the historical demand patterns, with the rolling mean and standard deviation of the past 24 hours indicating a relatively high demand. The weekend and day of the week features suggest that the demand is likely higher on weekdays compared to weekends.",557,ok,
LIVE_FR_h24_13,gemma_2_2b,google/gemma-2-2b-it,featherless-ai,"The predicted demand of 47945.3 MW is likely influenced by the recent high solar generation, as indicated by the high solar share (0.2409) and the relatively high solar generation 1 hour ago (15158.3325 MW).  The high wind generation (6758.6750 MW) also contributes to the predicted demand, as it is a significant source of electricity. The relatively low fossil fuel share (0.0118) suggests that the electricity demand is primarily driven by renewable sources.  The overall trend of the rolling demand statistics, particularly the high rolling mean over the past 24 hours (39641.2481 MW), further supports the prediction.",622,ok,
LIVE_FR_h24_14,gemma_2_2b,google/gemma-2-2b-it,featherless-ai,"The predicted demand of 48135.1 MW is likely influenced by the recent high solar generation, as the solar share is relatively high at 0.2314.  The high solar generation, coupled with the relatively low fossil fuel share (0.0114), suggests a reliance on renewable energy sources.  The rolling mean of 40148.4093 MW over the past 24 hours indicates a consistent demand level, potentially influenced by the weekend.  The combination of these factors suggests a relatively stable demand pattern.",491,ok,
LIVE_FR_h24_15,gemma_2_2b,google/gemma-2-2b-it,featherless-ai,"The predicted demand of 47856.1 MW is likely influenced by the recent high solar generation, as indicated by the high solar share (0.2038) and the relatively low fossil fuel share (0.0124).  The high solar generation, combined with the relatively low demand in the past 24 hours (rolling_mean_24h: 40650.0598 MW), suggests a potential for a temporary spike in demand. The presence of a weekend (is_weekend: 0) and the relatively high wind generation (wind_onshore_mw_lag1h: 7483.0050 MW) could also contribute to the predicted demand.",534,ok,
LIVE_FR_h24_16,gemma_2_2b,google/gemma-2-2b-it,featherless-ai,"The predicted demand of 47162.7 MW is likely influenced by the high solar generation in the past 1 hour, as solar generation is a significant contributor to the overall demand. The relatively low fossil fuel generation (0.0167%) suggests a reliance on renewable sources, which typically contribute to lower demand. The rolling mean and standard deviation of demand also suggest a relatively stable demand pattern, with a slight fluctuation in the past 24 hours. The combination of these factors likely contributes to the predicted demand.",538,ok,
LIVE_FR_h24_17,gemma_2_2b,google/gemma-2-2b-it,featherless-ai,"The predicted demand of 46849.6 MW is likely influenced by the recent high solar generation, as indicated by the high solar share (0.1197) and the relatively low fossil fuel share (0.0180).  The high wind generation (8071.2775 MW) also contributes to the predicted demand, as it is a significant source of electricity. The rolling mean of 24 hours (41547.3521 MW) suggests a consistent demand pattern, but the high demand in the past 24 hours (49710.0750 MW) could be a temporary spike.  The combination of these factors likely leads to the predicted demand.",558,ok,
LIVE_FR_h24_18,gemma_2_2b,google/gemma-2-2b-it,featherless-ai,"The predicted demand of 47245.3 MW is likely influenced by the high solar generation in the past 1 hour, as indicated by the solar_mw_lag1h feature.  The relatively low fossil fuel generation (fossil_share) suggests a reliance on renewable sources, which are generally associated with lower demand.  The rolling mean of 24 hours (41877.5719 MW) and the rolling max of 24 hours (49710.0750 MW) suggest a potential peak demand during the forecast period.  Finally, the combination of weekend and weekday features, along with the hour of day, may contribute to the overall demand pattern.",585,ok,
LIVE_FR_h24_19,gemma_2_2b,google/gemma-2-2b-it,featherless-ai,"The predicted demand of 45560.1 MW is likely influenced by the recent high solar generation, as indicated by the high solar share (0.0352) and the relatively low fossil fuel share (0.0607).  The high wind generation (7006.7275 MW) also contributes to the predicted demand, as it is a significant contributor to the overall generation mix.  The rolling mean of 24 hours (42129.1969 MW) suggests a consistent demand pattern, while the rolling maximum (49710.0750 MW) indicates a potential peak demand in the past 24 hours.  The combination of these factors likely resulted in the predicted demand.",595,ok,
LIVE_FR_h24_20,gemma_2_2b,google/gemma-2-2b-it,featherless-ai,"The predicted demand of 44029.5 MW is likely influenced by the recent high solar generation, as indicated by the high solar share (0.0101) and the relatively low fossil fuel share (0.0522).  The high wind generation (6331.1275 MW) and the high total generation (55872.5775 MW) further suggest a strong reliance on renewable sources.  The rolling mean of 24 hours (42311.5217 MW) and the rolling max of 24 hours (49710.0750 MW) indicate a relatively high demand in the past 24 hours, which is consistent with the predicted demand.",529,ok,
LIVE_FR_h24_21,gemma_2_2b,google/gemma-2-2b-it,featherless-ai,"The predicted demand of 44123.1 MW is likely influenced by the recent high solar generation, as indicated by the high solar share (0.0040) and the relatively low fossil fuel share (0.0534) in the past hour. The high wind generation (6031.8225 MW) also contributes to the predicted demand, as it is a significant contributor to the overall generation mix. Additionally, the rolling mean of 24 hours (42448.3656 MW) suggests a consistent demand trend, potentially influenced by the average demand over the past 24 hours.",518,ok,
LIVE_FR_h24_22,gemma_2_2b,google/gemma-2-2b-it,featherless-ai,"The predicted demand of 43854.2 MW is likely influenced by the recent high solar generation, as indicated by the high solar share (0.0038) and the relatively low fossil fuel share (0.0508). The high wind generation (5588.1000 MW) and the relatively high nuclear generation (38007.9775 MW) also contribute to the predicted demand. The rolling mean of 24 hours (42567.7601 MW) suggests a consistent demand pattern, while the rolling maximum of 24 hours (49710.0750 MW) indicates a potential peak demand in the past 24 hours.",522,ok,
LIVE_FR_h24_23,gemma_2_2b,google/gemma-2-2b-it,featherless-ai,"The predicted demand of 40180 MW is likely influenced by the recent high demand levels, as evidenced by the high values of recent demand history features. The rolling mean and peak demand suggest a period of sustained high demand, potentially driven by factors like heatwaves or increased energy consumption.  The solar and wind generation levels, particularly the wind share, are likely contributing to the overall demand, as they are relatively high compared to other sources.  The weekend and holiday flags are not relevant as the forecast origin is on a weekday.",566,ok,
LIVE_FR_h24_24,gemma_2_2b,google/gemma-2-2b-it,featherless-ai,"The predicted demand of 38884 MW is likely influenced by the recent high demand levels, as evidenced by the high values of recent demand history features like lag_24h and lag_48h. The rolling mean and maximum values also suggest a period of elevated demand.  The relatively low solar generation in the past hour (solar_mw_lag1h) and the high nuclear generation (nuclear_mw_lag1h) could contribute to the predicted demand.  The combination of these factors suggests a demand driven by a mix of high-demand periods and consistent generation sources.",547,ok,
LIVE_ES_h24_01,gemma_2_2b,google/gemma-2-2b-it,featherless-ai,"The predicted demand of 22993.1 MW is likely influenced by the recent high demand levels, as evidenced by the high values of recent demand history features like lag_24h and lag_48h. The rolling mean and standard deviation of demand also suggest a period of elevated demand, potentially due to seasonal factors or other external influences. The solar and wind generation levels, particularly the high wind generation, could be contributing to the overall demand.  The predicted demand is likely influenced by the interplay of these factors, with the high wind generation potentially offsetting the lower solar generation.",620,ok,
LIVE_ES_h24_02,gemma_2_2b,google/gemma-2-2b-it,featherless-ai,"The predicted demand of 23623.7 MW is likely influenced by the recent high solar generation, as reflected in the high solar share (0.0294) and the strong solar generation lag (653 MW).  The high wind generation (7113 MW) also contributes to the overall demand, as does the relatively high nuclear generation (6951 MW). The forecast origin falls on a weekday, suggesting a typical weekday demand pattern.  The combination of these factors, particularly the high solar and wind generation, likely drives the predicted demand.",523,ok,
LIVE_ES_h24_03,gemma_2_2b,google/gemma-2-2b-it,featherless-ai,"The predicted demand of 23031.8 MW is likely influenced by the recent high solar generation, as indicated by the high solar share (0.0303) and the relatively low fossil fuel share (0.2058). The high wind generation (0.2921) also contributes to the overall demand, as does the average demand over the past 24 hours (24772.3750 MW). The weekend and holiday flags are not relevant to the forecast as they are not active.  The combination of these factors suggests a relatively high demand for electricity.",502,ok,
LIVE_ES_h24_04,gemma_2_2b,google/gemma-2-2b-it,featherless-ai,"The predicted demand of 23339.8 MW is likely influenced by the recent high generation from wind and nuclear sources, as reflected in the high values of `wind_onshore_mw_lag1h` and `nuclear_mw_lag1h`.  The relatively low solar generation in the past hour (`solar_mw_lag1h`) suggests that solar power may not have been sufficient to meet the demand.  The forecast also considers the historical trends of demand, as indicated by the rolling mean and standard deviation of demand over the past 24 hours.  The weekend and day of the week features suggest that the demand is likely higher on weekdays and lower on weekends.",617,ok,
LIVE_ES_h24_05,gemma_2_2b,google/gemma-2-2b-it,featherless-ai,"The predicted demand of 24450 MW is likely influenced by the recent high solar generation, as indicated by the high solar share (0.0208) and the relatively low total generation (20810 MW).  The high solar generation suggests a potential for a peak demand, as solar power is intermittent and its output fluctuates.  The rolling mean of 24 hours (24866.7917 MW) and the rolling max of 24 hours (30126.0000 MW) also suggest a potential for a peak demand.  Finally, the low gas and coal generation (0.0000 MW) and the high wind generation (5844.0000 MW) could contribute to the predicted demand.",591,ok,
LIVE_ES_h24_06,gemma_2_2b,google/gemma-2-2b-it,featherless-ai,"The predicted demand of 26347.8 MW is likely influenced by the recent high solar generation, as indicated by the high solar share (0.0139) and the relatively low fossil fuel share (0.2440).  The rolling mean of 25012.4583 MW suggests a consistent demand trend, with a slight dip in the past 24 hours.  The high wind generation (6089 MW) and the relatively low coal generation (0 MW) further contribute to the predicted demand.  The combination of these factors suggests a relatively high demand for electricity, possibly driven by a combination of solar and wind power.",569,ok,
LIVE_ES_h24_07,gemma_2_2b,google/gemma-2-2b-it,featherless-ai,"The predicted demand of 28597.6 MW is likely influenced by the recent high solar generation, as indicated by the high solar share (0.0170) and the relatively low total generation (25456.0000 MW).  The high solar share suggests a potential for a significant contribution from solar power, which could be driving the demand.  The rolling mean of 25254.6250 MW over the past 24 hours also suggests a consistent demand level, further supporting the influence of solar generation.  Finally, the low minimum demand (22145.0000 MW) and the absence of significant fluctuations in the other generation sources suggest a relatively stable demand profile.",644,ok,
LIVE_ES_h24_08,gemma_2_2b,google/gemma-2-2b-it,featherless-ai,"The predicted demand of 29500.1 MW is likely influenced by the recent high generation from renewable sources, particularly solar and wind. The high solar and wind generation, reflected in the high solar and wind share values, suggests a potentially sunny and windy day. The relatively low fossil fuel generation, with a low fossil share, further supports this interpretation. The rolling mean and standard deviation of demand, along with the high peak demand in the past 24 hours, suggest a potentially volatile demand pattern.",527,ok,
LIVE_ES_h24_09,gemma_2_2b,google/gemma-2-2b-it,featherless-ai,"The predicted demand of 30186.5 MW is likely influenced by the recent high solar generation, as indicated by the high solar share (0.3864) and the high solar generation 1 hour ago (12280.0000 MW).  The relatively high wind generation (6032.0000 MW) also contributes to the overall demand, as does the consistent nuclear generation (6953.0000 MW).  The relatively low fossil fuel share (0.1264) suggests a reliance on renewable sources, which are generally associated with lower demand.  The combination of these factors suggests a relatively high demand for electricity.",570,ok,
LIVE_ES_h24_10,gemma_2_2b,google/gemma-2-2b-it,featherless-ai,"The predicted demand of 30332.2 MW is likely influenced by the recent high solar generation, as indicated by the high solar share (0.4817) and the strong solar generation lag (17099.0000 MW).  The relatively low wind generation (6629.0000 MW) and the absence of significant fossil fuel generation (0.0897) suggest a reliance on solar power. The high rolling mean (26189.6667 MW) and rolling max (30887.0000 MW) of demand over the past 24 hours further support the idea of a high solar contribution.",498,ok,
LIVE_ES_h24_11,gemma_2_2b,google/gemma-2-2b-it,featherless-ai,"The predicted demand of 30066.1 MW is likely influenced by the recent high solar generation, as indicated by the high solar share (0.5216) and the strong solar generation lag (19717.0000 MW).  The relatively low wind generation (0.1691) and the absence of significant fossil fuel generation (0.0837) suggest a reliance on solar power. The high rolling mean (26507.0000 MW) and rolling max (31041.0000 MW) over the past 24 hours indicate a period of high demand.  The combination of these factors likely contributed to the predicted high demand.",544,ok,
LIVE_ES_h24_12,gemma_2_2b,google/gemma-2-2b-it,featherless-ai,"The predicted demand of 30189.9 MW is likely influenced by the high solar generation in the past 1 hour, as solar share is relatively high (0.5374).  The recent high solar generation, combined with the relatively low wind and fossil fuel generation, suggests a reliance on solar power.  The rolling mean and standard deviation of demand also point to a relatively stable demand pattern, with a slight upward trend.  The forecast origin being in the middle of the day (hour 13) and the weekend (day of week 0) could also contribute to the predicted demand.",555,ok,
LIVE_ES_h24_13,gemma_2_2b,google/gemma-2-2b-it,featherless-ai,"The predicted demand of 29554.5 MW is likely influenced by the high solar generation in the past 1 hour, as indicated by the high solar share (0.5204).  The relatively low wind generation (0.1820) suggests a reliance on solar power, which is further supported by the high solar share.  The relatively low fossil fuel share (0.0807) also contributes to the predicted demand, as renewables are more likely to be used when fossil fuels are less prevalent.  The overall high demand is likely due to the combination of these factors, particularly the high solar generation.",568,ok,
LIVE_ES_h24_14,gemma_2_2b,google/gemma-2-2b-it,featherless-ai,"The predicted demand of 29089.2 MW is likely influenced by the high solar generation in the past 1 hour, as reflected by the high solar share (0.5235).  The relatively low wind generation (0.1873) suggests a reliance on solar power, potentially leading to a peak demand.  The high rolling mean and standard deviation of demand over the past 24 hours (27353.0417 and 3096.6708 respectively) indicate a relatively stable demand pattern.  Finally, the combination of high solar generation and relatively low wind generation suggests a potential peak demand driven by solar power.",576,ok,
LIVE_ES_h24_15,gemma_2_2b,google/gemma-2-2b-it,featherless-ai,"The predicted demand of 28705 MW is likely influenced by the high solar generation in the past 1 hour, as reflected by the high solar share (0.5039).  The relatively low wind generation (0.2061) suggests a reliance on solar power, potentially leading to a peak demand.  The rolling mean and standard deviation of demand also suggest a relatively stable demand pattern, with a slight fluctuation.  The combination of these factors, particularly the high solar generation, likely contributes to the predicted demand.",514,ok,
LIVE_ES_h24_16,gemma_2_2b,google/gemma-2-2b-it,featherless-ai,"The predicted demand of 29338.4 MW is likely influenced by the high solar generation in the past 1 hour, as solar power is a significant contributor to Spain's electricity mix. The relatively high rolling mean and peak demand over the past 24 hours suggest a typical weekday pattern with potentially higher demand during the afternoon.  The low fossil fuel generation in the past hour, coupled with the high renewable share, points towards a reliance on cleaner energy sources.  Finally, the weekend flag is not relevant as the forecast origin is on a weekday.",560,ok,
LIVE_ES_h24_17,gemma_2_2b,google/gemma-2-2b-it,featherless-ai,"The predicted demand of 30190.6 MW is likely influenced by the high solar generation levels in the past 24 hours, as reflected by the high solar share (0.4599).  The relatively low wind generation (0.2280) suggests a reliance on solar power, which is consistent with Spain's strong solar energy production.  The relatively low fossil fuel share (0.0912) further supports the dominance of renewable sources.  The overall demand is likely influenced by the average demand over the past 24 hours (rolling_mean_24h: 28029.1250) and the peak demand in the past 24 hours (rolling_max_24h: 31897.0000).",595,ok,
LIVE_ES_h24_18,gemma_2_2b,google/gemma-2-2b-it,featherless-ai,"The predicted demand of 29884.5 MW is likely influenced by the high solar generation in the past 1 hour, as indicated by the high solar share (0.3856).  The relatively low wind generation (0.2797) suggests a reliance on solar power, potentially leading to a peak demand.  The high rolling mean and standard deviation of demand over the past 24 hours (28208.3750 MW and 3204.9472 MW respectively) indicate a relatively volatile demand pattern.  Finally, the low fossil fuel share (0.1139) suggests a reliance on renewable sources, which could contribute to the high demand.",572,ok,
LIVE_ES_h24_19,gemma_2_2b,google/gemma-2-2b-it,featherless-ai,"The predicted demand of 30997.1 MW is likely influenced by the recent high solar generation, as reflected in the high solar share (0.2508) and the relatively low fossil fuel share (0.1611).  The rolling mean of 24-hour demand (28366.4167 MW) is also a significant factor, suggesting a consistent demand pattern.  The high wind generation (11701.0000 MW) in the past hour further contributes to the overall demand.  Finally, the weekend flag (0) indicates that the demand is not influenced by a holiday or weekend.",513,ok,
LIVE_ES_h24_20,gemma_2_2b,google/gemma-2-2b-it,featherless-ai,"The predicted demand of 31415.3 MW is likely influenced by the recent high solar generation, as indicated by the high solar share (0.0742) and the relatively low fossil fuel share (0.2527).  The high solar generation, combined with the relatively low demand in the past 24 hours (rolling_mean_24h: 28491.5833 MW), suggests a potential for a spike in demand.  The presence of a weekend (is_weekend: 0) and the relatively high wind generation (wind_onshore_mw_lag1h: 11165.0000 MW) further contribute to the predicted demand.  However, the overall demand is still relatively low compared to the historical average.",612,ok,
LIVE_ES_h24_21,gemma_2_2b,google/gemma-2-2b-it,featherless-ai,"The predicted demand of 30551.3 MW is likely influenced by the recent high solar generation, which is reflected in the high solar share (0.0132) and the relatively low fossil fuel share (0.3035).  The high wind generation (10123 MW) also contributes to the overall demand, as reflected in the high wind share (0.3053).  The relatively low demand in the past 24 hours (29196 MW) suggests a potential for higher demand in the future, especially considering the high solar and wind generation.  The combination of these factors likely leads to the predicted demand.",562,ok,
LIVE_ES_h24_22,gemma_2_2b,google/gemma-2-2b-it,featherless-ai,"The predicted demand of 28216.6 MW is likely influenced by the recent high solar generation, as indicated by the high solar share (0.0096) and the relatively low total generation (31968 MW).  The high wind generation (9851 MW) also contributes to the predicted demand, as it is a significant source of electricity.  The relatively low demand in the past 24 hours (27410 MW) suggests a potential for higher demand in the coming hours.  The combination of these factors, particularly the high solar and wind generation, likely drives the predicted demand.",553,ok,
LIVE_ES_h24_23,gemma_2_2b,google/gemma-2-2b-it,featherless-ai,"The predicted demand of 26398 MW is likely influenced by the recent high solar generation, as indicated by the high solar share (0.0105) and the relatively low total generation (28928 MW).  The high wind generation (10127 MW) also contributes to the predicted demand, as it is a significant source of electricity. The relatively low demand in the past 24 hours (25774 MW) suggests a potential for higher demand in the coming hours.  The combination of these factors, particularly the high solar and wind generation, likely drives the predicted demand.",551,ok,
LIVE_ES_h24_24,gemma_2_2b,google/gemma-2-2b-it,featherless-ai,"The predicted demand of 24891.3 MW is likely influenced by the high solar generation in the past 1 hour, as solar power generation is a significant contributor to the overall demand. The relatively high rolling mean and standard deviation of demand suggest a fluctuating demand pattern, potentially influenced by seasonal variations.  The weekend and holiday features are not significant in this case, as the forecast origin is on a weekday. The overall demand is likely influenced by the interplay of solar, wind, and other generation sources, with the predicted demand being a result of the current generation mix and historical demand patterns.",647,ok,
LIVE_PT_h24_01,gemma_2_2b,google/gemma-2-2b-it,featherless-ai,"The predicted demand of 5132.2 MW is likely influenced by the recent high solar generation, as indicated by the high solar share (0.6181) and the relatively low fossil fuel share (0.1172) in the generation mix.  The rolling mean of 24h demand (5108.5250 MW) is also a strong indicator, suggesting a consistent demand pattern. The high wind generation (2986.3000 MW) in the past hour further supports the idea of a high demand.  The combination of these factors suggests a relatively high demand for electricity.",511,ok,
LIVE_PT_h24_02,gemma_2_2b,google/gemma-2-2b-it,featherless-ai,"The predicted demand of 4936.2 MW is likely influenced by the recent high demand levels, as evidenced by the high rolling mean and peak demand values. The solar generation lag is low, suggesting a potential impact on demand, but the overall generation mix is dominated by wind and hydro, which are likely to have a significant influence on the forecast. The weekend and holiday flags are not present, suggesting a typical weekday demand pattern.  The hour of day and the day of the week features are likely to have a minor impact on the demand, as the forecast is for a weekday.",578,ok,
LIVE_PT_h24_03,gemma_2_2b,google/gemma-2-2b-it,featherless-ai,"The predicted demand of 4746.7 MW is likely influenced by the recent high solar generation, as indicated by the high solar share (0.6245) and the relatively low fossil fuel share (0.1187).  The rolling mean of 5106.0000 MW suggests a consistent demand trend, with a peak of 6050.3000 MW in the past 24 hours.  The high wind generation (3095.8000 MW) and the relatively low nuclear generation (0.0000 MW) further contribute to the predicted demand.  The combination of these factors suggests a demand influenced by a mix of renewable sources and consistent demand patterns.",572,ok,
LIVE_PT_h24_04,gemma_2_2b,google/gemma-2-2b-it,featherless-ai,"The predicted demand of 4680.2 MW is likely influenced by the recent high solar generation, as indicated by the high solar share (0.6393) and the relatively low fossil fuel share (0.1131).  The rolling mean of 5107.2417 MW suggests a consistent demand trend, potentially driven by the average demand over the past 24 hours. The weekend flag (0) indicates that the demand is not influenced by the weekend, and the hour of day (4) suggests a peak demand during the afternoon.  Overall, the forecast suggests a relatively stable demand pattern with a slight peak during the afternoon.",581,ok,
LIVE_PT_h24_05,gemma_2_2b,google/gemma-2-2b-it,featherless-ai,"The predicted demand of 4776.8 MW is likely influenced by the recent high solar generation, as indicated by the high solar share (0.6553) and the relatively low fossil fuel share (0.1158).  The rolling mean of 5110.6542 MW suggests a general upward trend in demand, potentially driven by the high solar generation and the relatively low fossil fuel share.  The high wind generation (3289.8000 MW) also contributes to the overall demand, as it is a significant source of electricity.  Finally, the weekend and holiday flags are not relevant to this forecast as they are not active.",580,ok,
LIVE_PT_h24_06,gemma_2_2b,google/gemma-2-2b-it,featherless-ai,"The predicted demand of 4991.3 MW is likely influenced by the recent high solar generation, as the solar share is relatively high at 0.6077.  The rolling mean of 5118.3250 MW suggests a general upward trend in demand, possibly due to the high solar generation.  The high wind generation, particularly onshore wind, at 3299.9 MW could also contribute to the predicted demand.  However, the low nuclear generation at 0.0000 MW and the absence of significant fossil fuel generation might suggest a reliance on renewable sources.",525,ok,
LIVE_PT_h24_07,gemma_2_2b,google/gemma-2-2b-it,featherless-ai,"The predicted demand of 5519.5 MW is likely influenced by the recent high solar generation, as reflected in the high solar share (0.0001) and the relatively low fossil fuel share (0.0948). The rolling mean of 24 hours (5137.8208 MW) suggests a consistent demand level over the past 24 hours, which is further supported by the average demand over the past week (5772.0292 MW).  The low wind generation (25.0000 MW) and the absence of significant fluctuations in other generation sources (like nuclear, gas, or coal) suggest a relatively stable electricity demand.",562,ok,
LIVE_PT_h24_08,gemma_2_2b,google/gemma-2-2b-it,featherless-ai,"The predicted demand of 6045.8 MW is likely influenced by the recent high solar generation, as the solar share is relatively high at 0.0209.  The rolling mean of 5171.7917 MW suggests a consistent demand trend, with a slight dip in the past 24 hours.  The high wind generation, particularly onshore wind, at 3596.7 MW, could be contributing to the overall demand.  The combination of these factors, particularly the high solar generation, likely leads to the predicted demand.",476,ok,
LIVE_PT_h24_09,gemma_2_2b,google/gemma-2-2b-it,featherless-ai,"The predicted demand of 6275.5 MW is likely influenced by the recent high solar generation, as the solar share is relatively high at 0.1121.  The rolling mean of 24 hours (5220.9875 MW) suggests a consistent demand level, but the high solar generation may be pushing demand higher.  The weekend is not a holiday, so the weekend effect is not present.  The predicted demand is likely influenced by the combination of recent high solar generation and consistent demand levels.",474,ok,
LIVE_PT_h24_10,gemma_2_2b,google/gemma-2-2b-it,featherless-ai,"The predicted demand of 6384.9 MW is likely influenced by the recent high solar generation, as indicated by the high solar share (0.1900) and the relatively low fossil fuel share (0.1024).  The rolling mean of 24h demand (5272.8958 MW) is also a strong indicator, suggesting a consistent demand level.  The high wind generation (3901.5000 MW) and the relatively low nuclear generation (0.0000 MW) further support the idea of a demand driven by renewable sources.  Finally, the weekend (is_weekend=0) and the day of the week (dayofweek=0) suggest a potential dip in demand during the weekend.",591,ok,
LIVE_PT_h24_11,gemma_2_2b,google/gemma-2-2b-it,featherless-ai,"The predicted demand of 6622.4 MW is likely influenced by the recent high solar generation, as reflected in the high solar share (0.2106) and the strong solar generation in the previous hour (1407.6 MW).  The high wind generation (4080.6 MW) also contributes to the predicted demand, as it is a significant source of electricity. The relatively low fossil fuel share (0.1033) suggests that the forecast is less reliant on traditional fossil fuels.  The overall demand is likely influenced by a combination of these factors, with solar and wind playing a dominant role.",568,ok,
LIVE_PT_h24_12,gemma_2_2b,google/gemma-2-2b-it,featherless-ai,"The predicted demand of 6530.7 MW is likely influenced by the recent high solar generation, as reflected in the high solar share (0.2388) and the relatively high total generation (6946.2 MW). The rolling mean of 24h demand (5367.8792 MW) suggests a consistent demand level, while the rolling max of 24h demand (6576.2000 MW) indicates a potential peak demand. The combination of these factors suggests a moderate demand with a potential for fluctuations based on solar generation.",480,ok,
LIVE_PT_h24_13,gemma_2_2b,google/gemma-2-2b-it,featherless-ai,"The predicted demand of 6467.3 MW is likely influenced by the recent high solar generation, as reflected in the high solar share (0.2622) and the relatively low fossil fuel share (0.0851). The rolling mean of 24h demand (5407.2375 MW) suggests a consistent demand pattern, with a slight dip in the past 24 hours. The high wind generation (4067.0000 MW) and the relatively low nuclear generation (0.0000 MW) further contribute to the predicted demand.  The combination of these factors suggests a relatively stable demand pattern with a slight increase in demand due to the high solar generation.",595,ok,
LIVE_PT_h24_14,gemma_2_2b,google/gemma-2-2b-it,featherless-ai,"The predicted demand of 6415.8 MW is likely influenced by the recent high solar generation, as reflected in the high solar share (0.2661) and the relatively low fossil fuel share (0.0881). The rolling mean of 24h demand (5444.4625 MW) is also a significant factor, suggesting a consistent demand pattern. The high wind generation (4051.1000 MW) and the relatively low nuclear generation (0.0000 MW) further contribute to the predicted demand.  The combination of these factors suggests a relatively high demand for electricity.",527,ok,
LIVE_PT_h24_15,gemma_2_2b,google/gemma-2-2b-it,featherless-ai,"The predicted demand of 6355.5 MW is likely influenced by the recent high solar generation, as indicated by the high solar share (0.2118) and the relatively high total generation (6491.9 MW). The rolling mean of 24h (5484.3208 MW) suggests a consistent demand level, while the rolling max of 24h (6576.2000 MW) indicates a potential peak demand. The combination of these factors suggests a moderate demand, potentially influenced by the solar generation and the overall energy mix.",481,ok,
LIVE_PT_h24_16,gemma_2_2b,google/gemma-2-2b-it,featherless-ai,"The predicted demand of 6364.2 MW is likely influenced by the recent high solar generation, as reflected in the high solar share (0.2423) and the relatively low fossil fuel share (0.0955). The rolling mean of 24h demand (5526.3458 MW) suggests a consistent demand level, while the high rolling max (6576.2000 MW) indicates a potential peak demand in the past 24 hours. The combination of these factors suggests a relatively stable demand pattern with a potential for a peak demand driven by solar generation.",508,ok,
LIVE_PT_h24_17,gemma_2_2b,google/gemma-2-2b-it,featherless-ai,"The predicted demand of 6464.9 MW is likely influenced by the high solar generation in the past 1 hour, as solar share is relatively high at 0.2379.  The rolling mean of 5571.3792 MW suggests a consistent demand level over the past 24 hours, which is further supported by the high solar generation.  The weekend flag is 0, indicating it's not a weekend, and the day of the week is 0, indicating it's a weekday.  The combination of these factors suggests a relatively stable demand pattern.",489,ok,
LIVE_PT_h24_18,gemma_2_2b,google/gemma-2-2b-it,featherless-ai,"The predicted demand of 6442.9 MW is likely influenced by the recent high solar generation, as reflected in the high solar share (0.2193) and the relatively low fossil fuel share (0.1146).  The rolling mean of 24h demand (5614.5250 MW) suggests a consistent demand level, while the rolling max of 24h demand (6576.2000 MW) indicates a potential peak demand in the past 24 hours. The combination of high solar generation and consistent demand suggests a potentially sunny day with moderate demand fluctuations.",509,ok,
LIVE_PT_h24_19,gemma_2_2b,google/gemma-2-2b-it,featherless-ai,"The predicted demand of 6711.5 MW is likely influenced by the recent high solar generation, as indicated by the high solar share (0.1554) and the relatively low fossil fuel share (0.1171).  The rolling mean of 24h demand (5648.3333 MW) suggests a consistent demand level, while the rolling max of 24h demand (6576.2000 MW) indicates a potential peak demand in the past 24 hours.  The combination of these factors, along with the historical demand patterns, likely contributed to the predicted demand.  The weekend and holiday flags are not relevant to this specific forecast.",575,ok,
LIVE_PT_h24_20,gemma_2_2b,google/gemma-2-2b-it,featherless-ai,"The predicted demand of 6963.7 MW is likely influenced by the recent high solar generation, as indicated by the high solar share (0.0351) and the relatively low fossil fuel share (0.1005).  The high solar share suggests that solar power generation was likely contributing to the demand, potentially offsetting the need for other sources.  The rolling mean of 24 hours (5687.1375 MW) is also a significant factor, indicating a consistent demand level over the past 24 hours.  Finally, the high wind generation (3120.4000 MW) in the past hour suggests that wind power may have played a role in meeting the demand.",611,ok,
LIVE_PT_h24_21,gemma_2_2b,google/gemma-2-2b-it,featherless-ai,"The predicted demand of 6789.6 MW is likely influenced by the recent high solar generation, as indicated by the high solar share (0.0003) and the relatively low fossil fuel share (0.0843).  The rolling mean of 24h demand (5723.5042 MW) is also a significant factor, suggesting a consistent demand level.  The high wind generation (2878.2000 MW) in the past hour further contributes to the predicted demand.  Finally, the weekend flag (0) suggests that the demand is not significantly impacted by the weekend.",508,ok,
LIVE_PT_h24_22,gemma_2_2b,google/gemma-2-2b-it,featherless-ai,"The predicted demand of 6279.9 MW is likely influenced by the recent high solar generation and the relatively low demand during the weekend. The high solar generation, reflected in the solar share and total generation, suggests a potential for renewable energy to contribute to the overall demand. The low demand during the weekend, indicated by the is_weekend feature, further supports this interpretation.  The rolling mean and standard deviation of demand also suggest a relatively stable demand pattern.",507,ok,
LIVE_PT_h24_23,gemma_2_2b,google/gemma-2-2b-it,featherless-ai,"The predicted demand of 5758.7 MW is likely influenced by the recent high solar generation, as indicated by the high solar share (0.4218) and the relatively low fossil fuel share (0.1308).  The rolling mean of 24h demand (5775.9250 MW) suggests a consistent trend of higher demand in the past 24 hours.  The low minimum demand (4393.3000 MW) and the high standard deviation (856.9841 MW) point towards a volatile demand pattern, potentially influenced by factors like weather conditions and energy storage levels.  The combination of these factors suggests a relatively high demand for electricity, driven by a mix of renewable sources and potentially influenced by the weekend.",678,ok,
LIVE_PT_h24_24,gemma_2_2b,google/gemma-2-2b-it,featherless-ai,"The predicted demand of 5396.4 MW is likely influenced by the recent high solar generation, as reflected in the high solar share (0.4395) and the relatively low fossil fuel share (0.1469).  The rolling mean of 24 hours (5791.2792 MW) and the rolling max of 24 hours (6923.1000 MW) suggest a period of high demand, potentially due to a combination of high solar generation and potentially other factors. The low minimum demand (4393.3000 MW) and the relatively low gas generation (600.4000 MW) further support the idea of a period of high demand.",545,ok,
LIVE_IE_h24_01,gemma_2_2b,google/gemma-2-2b-it,featherless-ai,"The predicted demand of 3296.8 MW is likely influenced by the recent high demand trends and the expected generation mix. The high rolling mean and peak demand over the past 24 hours, along with the relatively low minimum demand, suggest a period of sustained high electricity consumption. The significant contribution of wind and gas generation in the past hour, coupled with a relatively low share of fossil fuels, points to a mix of renewable and fossil fuel sources contributing to the demand.  The weekend and holiday flags are not relevant to the forecast as they are not active.",584,ok,
LIVE_IE_h24_02,gemma_2_2b,google/gemma-2-2b-it,featherless-ai,"The predicted demand of 3291.3 MW is likely influenced by the recent high demand trend. The rolling mean and rolling max features show a consistent upward trend, indicating a period of increasing demand. The high wind generation (378.1555 MW) and low fossil fuel generation (78.57%) suggest a reliance on renewable sources, which could be driving the higher demand.  The weekend and holiday flags are not relevant to the forecast, as the forecast origin is a weekday.",467,ok,
LIVE_IE_h24_03,gemma_2_2b,google/gemma-2-2b-it,featherless-ai,"The predicted demand of 3305.9 MW is likely influenced by the recent high demand levels, as evidenced by the high rolling mean and peak demand values. The weekend and holiday flags are not relevant as the forecast origin is a weekday. The wind generation is relatively low, suggesting that other sources like gas and coal are likely contributing to the demand. The high gas generation, coupled with the relatively low wind generation, could be driving the predicted demand.",473,ok,
LIVE_IE_h24_04,gemma_2_2b,google/gemma-2-2b-it,featherless-ai,"The predicted demand of 3297.8 MW is likely influenced by the recent high generation from fossil fuels, particularly gas, and a relatively stable wind generation. The high gas generation, indicated by the high gas_mw_lag1h value, suggests a reliance on fossil fuels for electricity generation. The stable wind generation, reflected in the relatively low wind_share value, suggests a less significant contribution from wind power. The overall demand is likely influenced by the combination of these factors, with the gas generation potentially driving the higher demand.",569,ok,
LIVE_IE_h24_05,gemma_2_2b,google/gemma-2-2b-it,featherless-ai,"The predicted demand of 3302.1 MW is likely influenced by the high average demand over the past 24 hours, as indicated by the rolling mean of 3513.5627 MW.  The weekend is approaching, which is likely to increase demand, as reflected by the is_weekend feature.  The high wind generation in the previous hour, 391.2320 MW, suggests that wind power played a significant role in the predicted demand.  Finally, the relatively high fossil fuel share, at 77.67%, could also contribute to the predicted demand.",504,ok,
LIVE_IE_h24_06,gemma_2_2b,google/gemma-2-2b-it,featherless-ai,"The predicted demand of 3592.7 MW is likely influenced by the high wind generation in the past 1 hour, as indicated by the high wind share (0.2291).  The relatively stable rolling mean and standard deviation of demand suggest a consistent trend, with no significant fluctuations in the past 24 hours.  The weekend and holiday flags are not relevant as the forecast origin is on a weekday.  The combination of high wind generation and a stable demand pattern suggests a relatively predictable demand for the next 24 hours.",521,ok,
LIVE_IE_h24_07,gemma_2_2b,google/gemma-2-2b-it,featherless-ai,"The predicted demand of 3960.6 MW is likely influenced by the high wind generation in the past 1 hour, as indicated by the high wind share (0.2190).  The relatively stable rolling mean and standard deviation of demand suggest a consistent pattern, with a slight upward trend.  The weekend flag (0) indicates that the forecast is for a weekday, which could be contributing to the predicted demand.  The combination of these factors suggests a relatively high demand for electricity.",481,ok,
LIVE_IE_h24_08,gemma_2_2b,google/gemma-2-2b-it,featherless-ai,"The predicted demand of 4186.4 MW is likely influenced by the recent high wind generation, as indicated by the high wind share (0.2370) and the relatively low fossil fuel share (0.7512). The rolling average of demand over the past 24 hours (3541.6796 MW) is also a strong indicator, suggesting a consistent demand level. The high wind generation, combined with the relatively low fossil fuel share, suggests a reliance on renewable energy sources.  The forecast origin being a Saturday (day_of_week=0) and the high wind share further supports the idea of a high demand driven by renewable energy.",596,ok,
LIVE_IE_h24_09,gemma_2_2b,google/gemma-2-2b-it,featherless-ai,"The predicted demand of 4218.9 MW is likely influenced by the recent high wind generation, as the wind share is relatively high at 0.2173.  The high wind generation, combined with the relatively low gas generation share (0.5556), suggests a reliance on wind power.  The rolling mean of 24 hours (3564.2635 MW) and the rolling max of 24 hours (4008.7050 MW) indicate a recent period of high demand.  The combination of these factors suggests a high demand driven by wind power.",476,ok,
LIVE_IE_h24_10,gemma_2_2b,google/gemma-2-2b-it,featherless-ai,"The predicted demand of 4222.5 MW is likely driven by a combination of recent high demand and a relatively stable generation mix. The high rolling mean and peak demand over the past 24 hours (3584.0297 MW and 4101.3220 MW respectively) suggest a period of high energy consumption.  The relatively stable generation mix, with a significant share of fossil fuels (gas and coal), likely contributes to the predicted demand.  The lack of significant fluctuations in generation levels, particularly wind and hydro, suggests a relatively predictable demand pattern.",559,ok,
LIVE_IE_h24_11,gemma_2_2b,google/gemma-2-2b-it,featherless-ai,"The predicted demand of 4117.3 MW is likely influenced by the recent high wind generation, as indicated by the high wind share (0.2022) and the relatively low fossil fuel share (0.7978).  The rolling average demand over the past 24 hours (3594.1614 MW) suggests a consistent demand level, while the rolling maximum demand (4101.3220 MW) indicates a potential peak in the past 24 hours.  The combination of high wind generation and consistent demand suggests a potential for a high demand in the coming hours.  The weekend flag (0) indicates that the forecast is not influenced by a weekend.",590,ok,
LIVE_IE_h24_12,gemma_2_2b,google/gemma-2-2b-it,featherless-ai,"The predicted demand of 4105.4 MW is likely influenced by the recent high wind generation, as indicated by the high wind share (0.2106) and the relatively low fossil fuel share (0.7894). The rolling mean of 24h demand (3599.5542 MW) suggests a consistent demand level in the past 24 hours, potentially indicating a stable energy consumption pattern. The high wind generation, combined with the relatively low fossil fuel share, suggests a reliance on renewable energy sources, which could contribute to the predicted demand.",524,ok,
LIVE_IE_h24_13,gemma_2_2b,google/gemma-2-2b-it,featherless-ai,"The predicted demand of 4038.2 MW is likely influenced by the recent high wind generation, as indicated by the high wind share (0.3283) and the relatively low fossil fuel share (0.6717). The rolling mean of 24 hours (3605.1104 MW) suggests a consistent demand level, while the rolling maximum of 24 hours (4101.3220 MW) indicates a potential peak demand in the past 24 hours. The combination of high wind generation and consistent demand suggests a potentially high demand driven by renewable sources.",501,ok,
LIVE_IE_h24_14,gemma_2_2b,google/gemma-2-2b-it,featherless-ai,"The predicted demand of 3990.1 MW is likely influenced by the recent high wind generation, as evidenced by the high wind share (0.4315) and the strong correlation between wind generation and demand.  The relatively low gas share (0.3828) suggests that gas generation is not a significant contributor to the demand at this time. The high rolling mean of 3613.9886 over the past 24 hours indicates a consistent demand level, potentially influenced by the weekend.  The combination of these factors suggests a relatively stable demand pattern.",540,ok,
LIVE_IE_h24_15,gemma_2_2b,google/gemma-2-2b-it,featherless-ai,"The predicted demand of 4061.8 MW is likely influenced by the recent high demand levels, with the 24-hour rolling average exceeding 3600 MW. The high wind generation in the past hour (681.676 MW) suggests a potential contribution to the demand. The relatively high gas generation (484.951 MW) could also play a role, as it is a significant contributor to the overall generation mix.  The combination of these factors, particularly the recent high demand and wind generation, likely contributes to the predicted demand.",518,ok,
LIVE_IE_h24_16,gemma_2_2b,google/gemma-2-2b-it,featherless-ai,"The predicted demand of 4139.8 MW is likely driven by a combination of recent high demand and seasonal factors. The high demand history, particularly the recent 24-hour demand of 3443.8355 MW, suggests a potential for sustained high usage. Additionally, the rolling mean and standard deviation of demand over the past 24 hours indicate a relatively high level of variability, potentially reflecting seasonal fluctuations.  The presence of weekend and holiday features, along with the hour of day, suggests that the predicted demand is influenced by typical weekend patterns and the time of day.",594,ok,
LIVE_IE_h24_17,gemma_2_2b,google/gemma-2-2b-it,featherless-ai,"The predicted demand of 4189.7 MW is likely influenced by the recent high wind generation, as indicated by the high wind share (0.4371) and the relatively low fossil fuel share (0.5568).  The rolling average of demand over the past 24 hours (3661.7766 MW) is also a significant factor, suggesting a consistent demand level.  The high wind generation, combined with the relatively low fossil fuel share, suggests a reliance on renewable energy sources.  Finally, the day of the week (Saturday) and the month (August) may also contribute to the predicted demand.",560,ok,
LIVE_IE_h24_18,gemma_2_2b,google/gemma-2-2b-it,featherless-ai,"The predicted demand of 4334.1 MW is likely influenced by the recent high wind generation, as indicated by the high wind share (0.3607) and the strong correlation between wind generation and demand.  The relatively low gas share (0.4284) suggests that gas generation is not a significant contributor to the demand at this time.  The average demand over the past 24 hours (3685.5913 MW) is also a contributing factor, as it suggests a relatively stable demand pattern.  Finally, the high rolling mean of 3782.0612 for the past 7 days indicates a consistent demand trend, further supporting the prediction.",604,ok,
LIVE_IE_h24_19,gemma_2_2b,google/gemma-2-2b-it,featherless-ai,"The predicted demand of 4273.6 MW is likely influenced by the recent high wind generation, as indicated by the high wind share (0.2761) and the relatively low fossil fuel share (0.6989). The rolling mean of 3701.5478 MW suggests a stable demand trend over the past 24 hours, with a slight dip in the previous day. The weekend flag (0) indicates that the demand is likely influenced by the typical weekend pattern, which could be further influenced by the high wind generation.  The hour of day (19) and the day of week (0) suggest that the demand is likely higher during the evening hours on a weekday.",602,ok,
LIVE_IE_h24_20,gemma_2_2b,google/gemma-2-2b-it,featherless-ai,"The predicted demand of 4295 MW is likely influenced by the recent high wind generation, as indicated by the high wind share (0.2356) and the relatively low fossil fuel share (0.7065).  The rolling mean of 24 hours (3719.6380 MW) and the rolling max of 24 hours (4365.4205 MW) suggest a typical pattern of higher demand during the day, potentially influenced by the weekend (is_weekend=0).  The combination of high wind generation and a relatively low fossil fuel share suggests a reliance on renewable energy sources, which can fluctuate based on weather conditions.",567,ok,
LIVE_IE_h24_21,gemma_2_2b,google/gemma-2-2b-it,featherless-ai,"The predicted demand of 4195.2 MW is likely influenced by the recent high demand trend, as evidenced by the high rolling mean and peak values in the past 24 hours. The weekend and holiday flags are not relevant, as the forecast origin is a weekday. The wind generation is relatively high, suggesting a potential contribution to the demand. The overall generation mix, with a significant share of fossil fuels, could also be a factor in the predicted demand.",457,ok,
LIVE_IE_h24_22,gemma_2_2b,google/gemma-2-2b-it,featherless-ai,"The predicted demand of 3947.8 MW is likely influenced by the recent high demand levels, as indicated by the high values of lag_1h, lag_2h, and lag_6h.  The rolling mean and standard deviation of demand also suggest a period of relatively high demand, with a peak observed in the past 24 hours.  The weekend and holiday features are not relevant to the forecast, as the forecast origin is a weekday.  The generation mix, particularly the high share of fossil fuels, could also contribute to the predicted demand.",512,ok,
LIVE_IE_h24_23,gemma_2_2b,google/gemma-2-2b-it,featherless-ai,"The predicted demand of 3729.5 MW is likely influenced by the recent high wind generation levels. The high wind generation, reflected in the ""wind_onshore_mw_lag1h"" feature, suggests a potential for increased electricity demand as wind power is often intermittent.  The relatively low gas generation, indicated by ""gas_mw_lag1h"", could also contribute to the predicted demand.  The combination of these factors, particularly the high wind generation, likely drives the forecast.",478,ok,
LIVE_IE_h24_24,gemma_2_2b,google/gemma-2-2b-it,featherless-ai,"The predicted demand of 3544.8 MW is likely influenced by the recent high demand trends and the overall generation mix. The high rolling mean and rolling max values for the past 24 hours suggest a period of increased demand. The significant contribution of wind generation in the past hour, coupled with a relatively low fossil fuel share, points to a potentially windy day.  The weekend and holiday flags are not relevant to the forecast as they are not active.",462,ok,
